Workbook

Sheet Evaluation of backbone models
A1: Moment magnitude (M) | B1: 6.5
A2: Joyner-Boore distance (RJB) | B2: 30
B3: 3-branch (original) | E3: 3-branch (reweighted) | H3: 5-branch (original) | M3: 5-branch (reweighted)
A4: Weight -> | B4: 0.185 | C4: 0.63 | D4: 0.185 | E4: 0.185 | F4: 0.63 | G4: 0.185 | H4: 0.101 | I4: 0.244 | J4: 0.309 | K4: 0.244 | L4: 0.101 | M4: 0.101 | N4: 0.244 | O4: 0.309 | P4: 0.244 | Q4: 0.101
A5: Period (s) | B5: Lower | C5: Central | D5: Upper | E5: Lower | F5: Central | G5: Upper | H5: 1st | I5: 2nd | J5: 3rd | K5: 4th | L5: 5th | M5: 1st | N5: 2nd | O5: 3rd | P5: 4th | Q5: 5th
A6: 0.01 | B6: {=EXP(INDIRECT("'3-branch model Rjb'!F"&S6)+INDIRECT("'3-branch model Rjb'!G"&S6)*'Evaluation of backbone models'!$B$1+INDIRECT("'3-branch model Rjb'!H"&S6)*(8.5-'Evaluation of backbone models'!$B$1)^2+INDIRECT("'3-branch model Rjb'!I"&S6)*LN(SQRT('Evaluation of backbone models'!$B$2^2+(INDIRECT("'3-branch model Rjb'!L"&S6)*EXP(INDIRECT("'3-branch model Rjb'!M"&S6)*'Evaluation of backbone models'!$B$1))^2))+(INDIRECT("'3-branch model Rjb'!J"&S6)+INDIRECT("'3-branch model Rjb'!K"&S6)*'Evaluation of backbone models'!$B$1)*'Evaluation of backbone models'!$B$2+IF('Evaluation of backbone models'!$B$2<=50,0,IF('Evaluation of backbone models'!$B$2>100,INDIRECT("'3-branch model Rjb'!N"&S6)*LN($B$2/50)+INDIRECT("'3-branch model Rjb'!O"&S6)*LN('Evaluation of backbone models'!$B$2/100),INDIRECT("'3-branch model Rjb'!N"&S6)*LN('Evaluation of backbone models'!$B$2/50))))} -> 0.42437738 | C6: {=EXP(INDIRECT("'3-branch model Rjb'!F"&T6)+INDIRECT("'3-branch model Rjb'!G"&T6)*'Evaluation of backbone models'!$B$1+INDIRECT("'3-branch model Rjb'!H"&T6)*(8.5-'Evaluation of backbone models'!$B$1)^2+INDIRECT("'3-branch model Rjb'!I"&T6)*LN(SQRT('Evaluation of backbone models'!$B$2^2+(INDIRECT("'3-branch model Rjb'!L"&T6)*EXP(INDIRECT("'3-branch model Rjb'!M"&T6)*'Evaluation of backbone models'!$B$1))^2))+(INDIRECT("'3-branch model Rjb'!J"&T6)+INDIRECT("'3-branch model Rjb'!K"&T6)*'Evaluation of backbone models'!$B$1)*'Evaluation of backbone models'!$B$2+IF('Evaluation of backbone models'!$B$2<=50,0,IF('Evaluation of backbone models'!$B$2>100,INDIRECT("'3-branch model Rjb'!N"&T6)*LN($B$2/50)+INDIRECT("'3-branch model Rjb'!O"&T6)*LN('Evaluation of backbone models'!$B$2/100),INDIRECT("'3-branch model Rjb'!N"&T6)*LN('Evaluation of backbone models'!$B$2/50))))} -> 1.243776 | D6: {=EXP(INDIRECT("'3-branch model Rjb'!F"&U6)+INDIRECT("'3-branch model Rjb'!G"&U6)*'Evaluation of backbone models'!$B$1+INDIRECT("'3-branch model Rjb'!H"&U6)*(8.5-'Evaluation of backbone models'!$B$1)^2+INDIRECT("'3-branch model Rjb'!I"&U6)*LN(SQRT('Evaluation of backbone models'!$B$2^2+(INDIRECT("'3-branch model Rjb'!L"&U6)*EXP(INDIRECT("'3-branch model Rjb'!M"&U6)*'Evaluation of backbone models'!$B$1))^2))+(INDIRECT("'3-branch model Rjb'!J"&U6)+INDIRECT("'3-branch model Rjb'!K"&U6)*'Evaluation of backbone models'!$B$1)*'Evaluation of backbone models'!$B$2+IF('Evaluation of backbone models'!$B$2<=50,0,IF('Evaluation of backbone models'!$B$2>100,INDIRECT("'3-branch model Rjb'!N"&U6)*LN($B$2/50)+INDIRECT("'3-branch model Rjb'!O"&U6)*LN('Evaluation of backbone models'!$B$2/100),INDIRECT("'3-branch model Rjb'!N"&U6)*LN('Evaluation of backbone models'!$B$2/50))))} -> 2.3946231 | E6: {=EXP(INDIRECT("'3-branch model Rjb'!F"&V6)+INDIRECT("'3-branch model Rjb'!G"&V6)*'Evaluation of backbone models'!$B$1+INDIRECT("'3-branch model Rjb'!H"&V6)*(8.5-'Evaluation of backbone models'!$B$1)^2+INDIRECT("'3-branch model Rjb'!I"&V6)*LN(SQRT('Evaluation of backbone models'!$B$2^2+(INDIRECT("'3-branch model Rjb'!L"&V6)*EXP(INDIRECT("'3-branch model Rjb'!M"&V6)*'Evaluation of backbone models'!$B$1))^2))+(INDIRECT("'3-branch model Rjb'!J"&V6)+INDIRECT("'3-branch model Rjb'!K"&V6)*'Evaluation of backbone models'!$B$1)*'Evaluation of backbone models'!$B$2+IF('Evaluation of backbone models'!$B$2<=50,0,IF('Evaluation of backbone models'!$B$2>100,INDIRECT("'3-branch model Rjb'!N"&V6)*LN($B$2/50)+INDIRECT("'3-branch model Rjb'!O"&V6)*LN('Evaluation of backbone models'!$B$2/100),INDIRECT("'3-branch model Rjb'!N"&V6)*LN('Evaluation of backbone models'!$B$2/50))))} -> 0.47329025 | F6: {=EXP(INDIRECT("'3-branch model Rjb'!F"&W6)+INDIRECT("'3-branch model Rjb'!G"&W6)*'Evaluation of backbone models'!$B$1+INDIRECT("'3-branch model Rjb'!H"&W6)*(8.5-'Evaluation of backbone models'!$B$1)^2+INDIRECT("'3-branch model Rjb'!I"&W6)*LN(SQRT('Evaluation of backbone models'!$B$2^2+(INDIRECT("'3-branch model Rjb'!L"&W6)*EXP(INDIRECT("'3-branch model Rjb'!M"&W6)*'Evaluation of backbone models'!$B$1))^2))+(INDIRECT("'3-branch model Rjb'!J"&W6)+INDIRECT("'3-branch model Rjb'!K"&W6)*'Evaluation of backbone models'!$B$1)*'Evaluation of backbone models'!$B$2+IF('Evaluation of backbone models'!$B$2<=50,0,IF('Evaluation of backbone models'!$B$2>100,INDIRECT("'3-branch model Rjb'!N"&W6)*LN($B$2/50)+INDIRECT("'3-branch model Rjb'!O"&W6)*LN('Evaluation of backbone models'!$B$2/100),INDIRECT("'3-branch model Rjb'!N"&W6)*LN('Evaluation of backbone models'!$B$2/50))))} -> 1.25656 | G6: {=EXP(INDIRECT("'3-branch model Rjb'!F"&X6)+INDIRECT("'3-branch model Rjb'!G"&X6)*'Evaluation of backbone models'!$B$1+INDIRECT("'3-branch model Rjb'!H"&X6)*(8.5-'Evaluation of backbone models'!$B$1)^2+INDIRECT("'3-branch model Rjb'!I"&X6)*LN(SQRT('Evaluation of backbone models'!$B$2^2+(INDIRECT("'3-branch model Rjb'!L"&X6)*EXP(INDIRECT("'3-branch model Rjb'!M"&X6)*'Evaluation of backbone models'!$B$1))^2))+(INDIRECT("'3-branch model Rjb'!J"&X6)+INDIRECT("'3-branch model Rjb'!K"&X6)*'Evaluation of backbone models'!$B$1)*'Evaluation of backbone models'!$B$2+IF('Evaluation of backbone models'!$B$2<=50,0,IF('Evaluation of backbone models'!$B$2>100,INDIRECT("'3-branch model Rjb'!N"&X6)*LN($B$2/50)+INDIRECT("'3-branch model Rjb'!O"&X6)*LN('Evaluation of backbone models'!$B$2/100),INDIRECT("'3-branch model Rjb'!N"&X6)*LN('Evaluation of backbone models'!$B$2/50))))} -> 2.4366893 | H6: {=EXP(INDIRECT("'5-branch model Rjb'!F"&Y6)+INDIRECT("'5-branch model Rjb'!G"&Y6)*'Evaluation of backbone models'!$B$1+INDIRECT("'5-branch model Rjb'!H"&Y6)*(8.5-'Evaluation of backbone models'!$B$1)^2+INDIRECT("'5-branch model Rjb'!I"&Y6)*LN(SQRT('Evaluation of backbone models'!$B$2^2+(INDIRECT("'5-branch model Rjb'!L"&Y6)*EXP(INDIRECT("'5-branch model Rjb'!M"&Y6)*'Evaluation of backbone models'!$B$1))^2))+(INDIRECT("'5-branch model Rjb'!J"&Y6)+INDIRECT("'5-branch model Rjb'!K"&Y6)*'Evaluation of backbone models'!$B$1)*'Evaluation of backbone models'!$B$2+IF('Evaluation of backbone models'!$B$2<=50,0,IF('Evaluation of backbone models'!$B$2>100,INDIRECT("'5-branch model Rjb'!N"&Y6)*LN($B$2/50)+INDIRECT("'5-branch model Rjb'!O"&Y6)*LN('Evaluation of backbone models'!$B$2/100),INDIRECT("'5-branch model Rjb'!N"&Y6)*LN('Evaluation of backbone models'!$B$2/50))))} -> 0.37184749 | I6: {=EXP(INDIRECT("'5-branch model Rjb'!F"&Z6)+INDIRECT("'5-branch model Rjb'!G"&Z6)*'Evaluation of backbone models'!$B$1+INDIRECT("'5-branch model Rjb'!H"&Z6)*(8.5-'Evaluation of backbone models'!$B$1)^2+INDIRECT("'5-branch model Rjb'!I"&Z6)*LN(SQRT('Evaluation of backbone models'!$B$2^2+(INDIRECT("'5-branch model Rjb'!L"&Z6)*EXP(INDIRECT("'5-branch model Rjb'!M"&Z6)*'Evaluation of backbone models'!$B$1))^2))+(INDIRECT("'5-branch model Rjb'!J"&Z6)+INDIRECT("'5-branch model Rjb'!K"&Z6)*'Evaluation of backbone models'!$B$1)*'Evaluation of backbone models'!$B$2+IF('Evaluation of backbone models'!$B$2<=50,0,IF('Evaluation of backbone models'!$B$2>100,INDIRECT("'5-branch model Rjb'!N"&Z6)*LN($B$2/50)+INDIRECT("'5-branch model Rjb'!O"&Z6)*LN('Evaluation of backbone models'!$B$2/100),INDIRECT("'5-branch model Rjb'!N"&Z6)*LN('Evaluation of backbone models'!$B$2/50))))} -> 0.89260199 | J6: {=EXP(INDIRECT("'5-branch model Rjb'!F"&AA6)+INDIRECT("'5-branch model Rjb'!G"&AA6)*'Evaluation of backbone models'!$B$1+INDIRECT("'5-branch model Rjb'!H"&AA6)*(8.5-'Evaluation of backbone models'!$B$1)^2+INDIRECT("'5-branch model Rjb'!I"&AA6)*LN(SQRT('Evaluation of backbone models'!$B$2^2+(INDIRECT("'5-branch model Rjb'!L"&AA6)*EXP(INDIRECT("'5-branch model Rjb'!M"&AA6)*'Evaluation of backbone models'!$B$1))^2))+(INDIRECT("'5-branch model Rjb'!J"&AA6)+INDIRECT("'5-branch model Rjb'!K"&AA6)*'Evaluation of backbone models'!$B$1)*'Evaluation of backbone models'!$B$2+IF('Evaluation of backbone models'!$B$2<=50,0,IF('Evaluation of backbone models'!$B$2>100,INDIRECT("'5-branch model Rjb'!N"&AA6)*LN($B$2/50)+INDIRECT("'5-branch model Rjb'!O"&AA6)*LN('Evaluation of backbone models'!$B$2/100),INDIRECT("'5-branch model Rjb'!N"&AA6)*LN('Evaluation of backbone models'!$B$2/50))))} -> 1.2436624 | K6: {=EXP(INDIRECT("'5-branch model Rjb'!F"&AB6)+INDIRECT("'5-branch model Rjb'!G"&AB6)*'Evaluation of backbone models'!$B$1+INDIRECT("'5-branch model Rjb'!H"&AB6)*(8.5-'Evaluation of backbone models'!$B$1)^2+INDIRECT("'5-branch model Rjb'!I"&AB6)*LN(SQRT('Evaluation of backbone models'!$B$2^2+(INDIRECT("'5-branch model Rjb'!L"&AB6)*EXP(INDIRECT("'5-branch model Rjb'!M"&AB6)*'Evaluation of backbone models'!$B$1))^2))+(INDIRECT("'5-branch model Rjb'!J"&AB6)+INDIRECT("'5-branch model Rjb'!K"&AB6)*'Evaluation of backbone models'!$B$1)*'Evaluation of backbone models'!$B$2+IF('Evaluation of backbone models'!$B$2<=50,0,IF('Evaluation of backbone models'!$B$2>100,INDIRECT("'5-branch model Rjb'!N"&AB6)*LN($B$2/50)+INDIRECT("'5-branch model Rjb'!O"&AB6)*LN('Evaluation of backbone models'!$B$2/100),INDIRECT("'5-branch model Rjb'!N"&AB6)*LN('Evaluation of backbone models'!$B$2/50))))} -> 1.7872043 | L6: {=EXP(INDIRECT("'5-branch model Rjb'!F"&AC6)+INDIRECT("'5-branch model Rjb'!G"&AC6)*'Evaluation of backbone models'!$B$1+INDIRECT("'5-branch model Rjb'!H"&AC6)*(8.5-'Evaluation of backbone models'!$B$1)^2+INDIRECT("'5-branch model Rjb'!I"&AC6)*LN(SQRT('Evaluation of backbone models'!$B$2^2+(INDIRECT("'5-branch model Rjb'!L"&AC6)*EXP(INDIRECT("'5-branch model Rjb'!M"&AC6)*'Evaluation of backbone models'!$B$1))^2))+(INDIRECT("'5-branch model Rjb'!J"&AC6)+INDIRECT("'5-branch model Rjb'!K"&AC6)*'Evaluation of backbone models'!$B$1)*'Evaluation of backbone models'!$B$2+IF('Evaluation of backbone models'!$B$2<=50,0,IF('Evaluation of backbone models'!$B$2>100,INDIRECT("'5-branch model Rjb'!N"&AC6)*LN($B$2/50)+INDIRECT("'5-branch model Rjb'!O"&AC6)*LN('Evaluation of backbone models'!$B$2/100),INDIRECT("'5-branch model Rjb'!N"&AC6)*LN('Evaluation of backbone models'!$B$2/50))))} -> 2.4607067 | M6: {=EXP(INDIRECT("'5-branch model Rjb'!F"&AD6)+INDIRECT("'5-branch model Rjb'!G"&AD6)*'Evaluation of backbone models'!$B$1+INDIRECT("'5-branch model Rjb'!H"&AD6)*(8.5-'Evaluation of backbone models'!$B$1)^2+INDIRECT("'5-branch model Rjb'!I"&AD6)*LN(SQRT('Evaluation of backbone models'!$B$2^2+(INDIRECT("'5-branch model Rjb'!L"&AD6)*EXP(INDIRECT("'5-branch model Rjb'!M"&AD6)*'Evaluation of backbone models'!$B$1))^2))+(INDIRECT("'5-branch model Rjb'!J"&AD6)+INDIRECT("'5-branch model Rjb'!K"&AD6)*'Evaluation of backbone models'!$B$1)*'Evaluation of backbone models'!$B$2+IF('Evaluation of backbone models'!$B$2<=50,0,IF('Evaluation of backbone models'!$B$2>100,INDIRECT("'5-branch model Rjb'!N"&AD6)*LN($B$2/50)+INDIRECT("'5-branch model Rjb'!O"&AD6)*LN('Evaluation of backbone models'!$B$2/100),INDIRECT("'5-branch model Rjb'!N"&AD6)*LN('Evaluation of backbone models'!$B$2/50))))} -> 0.46650115 | N6: {=EXP(INDIRECT("'5-branch model Rjb'!F"&AE6)+INDIRECT("'5-branch model Rjb'!G"&AE6)*'Evaluation of backbone models'!$B$1+INDIRECT("'5-branch model Rjb'!H"&AE6)*(8.5-'Evaluation of backbone models'!$B$1)^2+INDIRECT("'5-branch model Rjb'!I"&AE6)*LN(SQRT('Evaluation of backbone models'!$B$2^2+(INDIRECT("'5-branch model Rjb'!L"&AE6)*EXP(INDIRECT("'5-branch model Rjb'!M"&AE6)*'Evaluation of backbone models'!$B$1))^2))+(INDIRECT("'5-branch model Rjb'!J"&AE6)+INDIRECT("'5-branch model Rjb'!K"&AE6)*'Evaluation of backbone models'!$B$1)*'Evaluation of backbone models'!$B$2+IF('Evaluation of backbone models'!$B$2<=50,0,IF('Evaluation of backbone models'!$B$2>100,INDIRECT("'5-branch model Rjb'!N"&AE6)*LN($B$2/50)+INDIRECT("'5-branch model Rjb'!O"&AE6)*LN('Evaluation of backbone models'!$B$2/100),INDIRECT("'5-branch model Rjb'!N"&AE6)*LN('Evaluation of backbone models'!$B$2/50))))} -> 0.92348717 | O6: {=EXP(INDIRECT("'5-branch model Rjb'!F"&AF6)+INDIRECT("'5-branch model Rjb'!G"&AF6)*'Evaluation of backbone models'!$B$1+INDIRECT("'5-branch model Rjb'!H"&AF6)*(8.5-'Evaluation of backbone models'!$B$1)^2+INDIRECT("'5-branch model Rjb'!I"&AF6)*LN(SQRT('Evaluation of backbone models'!$B$2^2+(INDIRECT("'5-branch model Rjb'!L"&AF6)*EXP(INDIRECT("'5-branch model Rjb'!M"&AF6)*'Evaluation of backbone models'!$B$1))^2))+(INDIRECT("'5-branch model Rjb'!J"&AF6)+INDIRECT("'5-branch model Rjb'!K"&AF6)*'Evaluation of backbone models'!$B$1)*'Evaluation of backbone models'!$B$2+IF('Evaluation of backbone models'!$B$2<=50,0,IF('Evaluation of backbone models'!$B$2>100,INDIRECT("'5-branch model Rjb'!N"&AF6)*LN($B$2/50)+INDIRECT("'5-branch model Rjb'!O"&AF6)*LN('Evaluation of backbone models'!$B$2/100),INDIRECT("'5-branch model Rjb'!N"&AF6)*LN('Evaluation of backbone models'!$B$2/50))))} -> 1.2584764 | ... Q6: {=EXP(INDIRECT("'5-branch model Rjb'!F"&AH6)+INDIRECT("'5-branch model Rjb'!G"&AH6)*'Evaluation of backbone models'!$B$1+INDIRECT("'5-branch model Rjb'!H"&AH6)*(8.5-'Evaluation of backbone models'!$B$1)^2+INDIRECT("'5-branch model Rjb'!I"&AH6)*LN(SQRT('Evaluation of backbone models'!$B$2^2+(INDIRECT("'5-branch model Rjb'!L"&AH6)*EXP(INDIRECT("'5-branch model Rjb'!M"&AH6)*'Evaluation of backbone models'!$B$1))^2))+(INDIRECT("'5-branch model Rjb'!J"&AH6)+INDIRECT("'5-branch model Rjb'!K"&AH6)*'Evaluation of backbone models'!$B$1)*'Evaluation of backbone models'!$B$2+IF('Evaluation of backbone models'!$B$2<=50,0,IF('Evaluation of backbone models'!$B$2>100,INDIRECT("'5-branch model Rjb'!N"&AH6)*LN($B$2/50)+INDIRECT("'5-branch model Rjb'!O"&AH6)*LN('Evaluation of backbone models'!$B$2/100),INDIRECT("'5-branch model Rjb'!N"&AH6)*LN('Evaluation of backbone models'!$B$2/50))))} -> 2.8267027 | S6: 2 | T6: 3 | U6: 4 | V6: =S6+57 -> 59 | W6: =T6+57 -> 60 | X6: =U6+57 -> 61 | Y6: 2 | Z6: 3 | AA6: 4 | AB6: 5 | AC6: 6 | AD6: 97 | AE6: 98 | AF6: 99 | AG6: 100 | AH6: 101 | AI6: =('[1]Evaluation of backbone models'!B6-B6)/'[1]Evaluation of backbone models'!B6 -> -0.0012984116 | AJ6: =('[1]Evaluation of backbone models'!C6-C6)/'[1]Evaluation of backbone models'!C6 -> 0.012161842 | AK6: =('[1]Evaluation of backbone models'!D6-D6)/'[1]Evaluation of backbone models'!D6 -> 0.1429954 | AL6: =('[1]Evaluation of backbone models'!E6-E6)/'[1]Evaluation of backbone models'!E6 -> 0.0052690415 | AM6: =('[1]Evaluation of backbone models'!F6-F6)/'[1]Evaluation of backbone models'!F6 -> 0.0010996561 | AN6: =('[1]Evaluation of backbone models'!G6-G6)/'[1]Evaluation of backbone models'!G6 -> 0.0045357801
A7: 0.025 | B7: {=EXP(INDIRECT("'3-branch model Rjb'!F"&S7)+INDIRECT("'3-branch model Rjb'!G"&S7)*'Evaluation of backbone models'!$B$1+INDIRECT("'3-branch model Rjb'!H"&S7)*(8.5-'Evaluation of backbone models'!$B$1)^2+INDIRECT("'3-branch model Rjb'!I"&S7)*LN(SQRT('Evaluation of backbone models'!$B$2^2+(INDIRECT("'3-branch model Rjb'!L"&S7)*EXP(INDIRECT("'3-branch model Rjb'!M"&S7)*'Evaluation of backbone models'!$B$1))^2))+(INDIRECT("'3-branch model Rjb'!J"&S7)+INDIRECT("'3-branch model Rjb'!K"&S7)*'Evaluation of backbone models'!$B$1)*'Evaluation of backbone models'!$B$2+IF('Evaluation of backbone models'!$B$2<=50,0,IF('Evaluation of backbone models'!$B$2>100,INDIRECT("'3-branch model Rjb'!N"&S7)*LN($B$2/50)+INDIRECT("'3-branch model Rjb'!O"&S7)*LN('Evaluation of backbone models'!$B$2/100),INDIRECT("'3-branch model Rjb'!N"&S7)*LN('Evaluation of backbone models'!$B$2/50))))} -> 0.49592256 | C7: {=EXP(INDIRECT("'3-branch model Rjb'!F"&T7)+INDIRECT("'3-branch model Rjb'!G"&T7)*'Evaluation of backbone models'!$B$1+INDIRECT("'3-branch model Rjb'!H"&T7)*(8.5-'Evaluation of backbone models'!$B$1)^2+INDIRECT("'3-branch model Rjb'!I"&T7)*LN(SQRT('Evaluation of backbone models'!$B$2^2+(INDIRECT("'3-branch model Rjb'!L"&T7)*EXP(INDIRECT("'3-branch model Rjb'!M"&T7)*'Evaluation of backbone models'!$B$1))^2))+(INDIRECT("'3-branch model Rjb'!J"&T7)+INDIRECT("'3-branch model Rjb'!K"&T7)*'Evaluation of backbone models'!$B$1)*'Evaluation of backbone models'!$B$2+IF('Evaluation of backbone models'!$B$2<=50,0,IF('Evaluation of backbone models'!$B$2>100,INDIRECT("'3-branch model Rjb'!N"&T7)*LN($B$2/50)+INDIRECT("'3-branch model Rjb'!O"&T7)*LN('Evaluation of backbone models'!$B$2/100),INDIRECT("'3-branch model Rjb'!N"&T7)*LN('Evaluation of backbone models'!$B$2/50))))} -> 1.4802597 | D7: {=EXP(INDIRECT("'3-branch model Rjb'!F"&U7)+INDIRECT("'3-branch model Rjb'!G"&U7)*'Evaluation of backbone models'!$B$1+INDIRECT("'3-branch model Rjb'!H"&U7)*(8.5-'Evaluation of backbone models'!$B$1)^2+INDIRECT("'3-branch model Rjb'!I"&U7)*LN(SQRT('Evaluation of backbone models'!$B$2^2+(INDIRECT("'3-branch model Rjb'!L"&U7)*EXP(INDIRECT("'3-branch model Rjb'!M"&U7)*'Evaluation of backbone models'!$B$1))^2))+(INDIRECT("'3-branch model Rjb'!J"&U7)+INDIRECT("'3-branch model Rjb'!K"&U7)*'Evaluation of backbone models'!$B$1)*'Evaluation of backbone models'!$B$2+IF('Evaluation of backbone models'!$B$2<=50,0,IF('Evaluation of backbone models'!$B$2>100,INDIRECT("'3-branch model Rjb'!N"&U7)*LN($B$2/50)+INDIRECT("'3-branch model Rjb'!O"&U7)*LN('Evaluation of backbone models'!$B$2/100),INDIRECT("'3-branch model Rjb'!N"&U7)*LN('Evaluation of backbone models'!$B$2/50))))} -> 3.9362002 | E7: {=EXP(INDIRECT("'3-branch model Rjb'!F"&V7)+INDIRECT("'3-branch model Rjb'!G"&V7)*'Evaluation of backbone models'!$B$1+INDIRECT("'3-branch model Rjb'!H"&V7)*(8.5-'Evaluation of backbone models'!$B$1)^2+INDIRECT("'3-branch model Rjb'!I"&V7)*LN(SQRT('Evaluation of backbone models'!$B$2^2+(INDIRECT("'3-branch model Rjb'!L"&V7)*EXP(INDIRECT("'3-branch model Rjb'!M"&V7)*'Evaluation of backbone models'!$B$1))^2))+(INDIRECT("'3-branch model Rjb'!J"&V7)+INDIRECT("'3-branch model Rjb'!K"&V7)*'Evaluation of backbone models'!$B$1)*'Evaluation of backbone models'!$B$2+IF('Evaluation of backbone models'!$B$2<=50,0,IF('Evaluation of backbone models'!$B$2>100,INDIRECT("'3-branch model Rjb'!N"&V7)*LN($B$2/50)+INDIRECT("'3-branch model Rjb'!O"&V7)*LN('Evaluation of backbone models'!$B$2/100),INDIRECT("'3-branch model Rjb'!N"&V7)*LN('Evaluation of backbone models'!$B$2/50))))} -> 0.56299092 | F7: {=EXP(INDIRECT("'3-branch model Rjb'!F"&W7)+INDIRECT("'3-branch model Rjb'!G"&W7)*'Evaluation of backbone models'!$B$1+INDIRECT("'3-branch model Rjb'!H"&W7)*(8.5-'Evaluation of backbone models'!$B$1)^2+INDIRECT("'3-branch model Rjb'!I"&W7)*LN(SQRT('Evaluation of backbone models'!$B$2^2+(INDIRECT("'3-branch model Rjb'!L"&W7)*EXP(INDIRECT("'3-branch model Rjb'!M"&W7)*'Evaluation of backbone models'!$B$1))^2))+(INDIRECT("'3-branch model Rjb'!J"&W7)+INDIRECT("'3-branch model Rjb'!K"&W7)*'Evaluation of backbone models'!$B$1)*'Evaluation of backbone models'!$B$2+IF('Evaluation of backbone models'!$B$2<=50,0,IF('Evaluation of backbone models'!$B$2>100,INDIRECT("'3-branch model Rjb'!N"&W7)*LN($B$2/50)+INDIRECT("'3-branch model Rjb'!O"&W7)*LN('Evaluation of backbone models'!$B$2/100),INDIRECT("'3-branch model Rjb'!N"&W7)*LN('Evaluation of backbone models'!$B$2/50))))} -> 1.4901492 | G7: {=EXP(INDIRECT("'3-branch model Rjb'!F"&X7)+INDIRECT("'3-branch model Rjb'!G"&X7)*'Evaluation of backbone models'!$B$1+INDIRECT("'3-branch model Rjb'!H"&X7)*(8.5-'Evaluation of backbone models'!$B$1)^2+INDIRECT("'3-branch model Rjb'!I"&X7)*LN(SQRT('Evaluation of backbone models'!$B$2^2+(INDIRECT("'3-branch model Rjb'!L"&X7)*EXP(INDIRECT("'3-branch model Rjb'!M"&X7)*'Evaluation of backbone models'!$B$1))^2))+(INDIRECT("'3-branch model Rjb'!J"&X7)+INDIRECT("'3-branch model Rjb'!K"&X7)*'Evaluation of backbone models'!$B$1)*'Evaluation of backbone models'!$B$2+IF('Evaluation of backbone models'!$B$2<=50,0,IF('Evaluation of backbone models'!$B$2>100,INDIRECT("'3-branch model Rjb'!N"&X7)*LN($B$2/50)+INDIRECT("'3-branch model Rjb'!O"&X7)*LN('Evaluation of backbone models'!$B$2/100),INDIRECT("'3-branch model Rjb'!N"&X7)*LN('Evaluation of backbone models'!$B$2/50))))} -> 4.0388061 | H7: {=EXP(INDIRECT("'5-branch model Rjb'!F"&Y7)+INDIRECT("'5-branch model Rjb'!G"&Y7)*'Evaluation of backbone models'!$B$1+INDIRECT("'5-branch model Rjb'!H"&Y7)*(8.5-'Evaluation of backbone models'!$B$1)^2+INDIRECT("'5-branch model Rjb'!I"&Y7)*LN(SQRT('Evaluation of backbone models'!$B$2^2+(INDIRECT("'5-branch model Rjb'!L"&Y7)*EXP(INDIRECT("'5-branch model Rjb'!M"&Y7)*'Evaluation of backbone models'!$B$1))^2))+(INDIRECT("'5-branch model Rjb'!J"&Y7)+INDIRECT("'5-branch model Rjb'!K"&Y7)*'Evaluation of backbone models'!$B$1)*'Evaluation of backbone models'!$B$2+IF('Evaluation of backbone models'!$B$2<=50,0,IF('Evaluation of backbone models'!$B$2>100,INDIRECT("'5-branch model Rjb'!N"&Y7)*LN($B$2/50)+INDIRECT("'5-branch model Rjb'!O"&Y7)*LN('Evaluation of backbone models'!$B$2/100),INDIRECT("'5-branch model Rjb'!N"&Y7)*LN('Evaluation of backbone models'!$B$2/50))))} -> 0.40328003 | I7: {=EXP(INDIRECT("'5-branch model Rjb'!F"&Z7)+INDIRECT("'5-branch model Rjb'!G"&Z7)*'Evaluation of backbone models'!$B$1+INDIRECT("'5-branch model Rjb'!H"&Z7)*(8.5-'Evaluation of backbone models'!$B$1)^2+INDIRECT("'5-branch model Rjb'!I"&Z7)*LN(SQRT('Evaluation of backbone models'!$B$2^2+(INDIRECT("'5-branch model Rjb'!L"&Z7)*EXP(INDIRECT("'5-branch model Rjb'!M"&Z7)*'Evaluation of backbone models'!$B$1))^2))+(INDIRECT("'5-branch model Rjb'!J"&Z7)+INDIRECT("'5-branch model Rjb'!K"&Z7)*'Evaluation of backbone models'!$B$1)*'Evaluation of backbone models'!$B$2+IF('Evaluation of backbone models'!$B$2<=50,0,IF('Evaluation of backbone models'!$B$2>100,INDIRECT("'5-branch model Rjb'!N"&Z7)*LN($B$2/50)+INDIRECT("'5-branch model Rjb'!O"&Z7)*LN('Evaluation of backbone models'!$B$2/100),INDIRECT("'5-branch model Rjb'!N"&Z7)*LN('Evaluation of backbone models'!$B$2/50))))} -> 0.94606044 | J7: {=EXP(INDIRECT("'5-branch model Rjb'!F"&AA7)+INDIRECT("'5-branch model Rjb'!G"&AA7)*'Evaluation of backbone models'!$B$1+INDIRECT("'5-branch model Rjb'!H"&AA7)*(8.5-'Evaluation of backbone models'!$B$1)^2+INDIRECT("'5-branch model Rjb'!I"&AA7)*LN(SQRT('Evaluation of backbone models'!$B$2^2+(INDIRECT("'5-branch model Rjb'!L"&AA7)*EXP(INDIRECT("'5-branch model Rjb'!M"&AA7)*'Evaluation of backbone models'!$B$1))^2))+(INDIRECT("'5-branch model Rjb'!J"&AA7)+INDIRECT("'5-branch model Rjb'!K"&AA7)*'Evaluation of backbone models'!$B$1)*'Evaluation of backbone models'!$B$2+IF('Evaluation of backbone models'!$B$2<=50,0,IF('Evaluation of backbone models'!$B$2>100,INDIRECT("'5-branch model Rjb'!N"&AA7)*LN($B$2/50)+INDIRECT("'5-branch model Rjb'!O"&AA7)*LN('Evaluation of backbone models'!$B$2/100),INDIRECT("'5-branch model Rjb'!N"&AA7)*LN('Evaluation of backbone models'!$B$2/50))))} -> 1.4796313 | K7: {=EXP(INDIRECT("'5-branch model Rjb'!F"&AB7)+INDIRECT("'5-branch model Rjb'!G"&AB7)*'Evaluation of backbone models'!$B$1+INDIRECT("'5-branch model Rjb'!H"&AB7)*(8.5-'Evaluation of backbone models'!$B$1)^2+INDIRECT("'5-branch model Rjb'!I"&AB7)*LN(SQRT('Evaluation of backbone models'!$B$2^2+(INDIRECT("'5-branch model Rjb'!L"&AB7)*EXP(INDIRECT("'5-branch model Rjb'!M"&AB7)*'Evaluation of backbone models'!$B$1))^2))+(INDIRECT("'5-branch model Rjb'!J"&AB7)+INDIRECT("'5-branch model Rjb'!K"&AB7)*'Evaluation of backbone models'!$B$1)*'Evaluation of backbone models'!$B$2+IF('Evaluation of backbone models'!$B$2<=50,0,IF('Evaluation of backbone models'!$B$2>100,INDIRECT("'5-branch model Rjb'!N"&AB7)*LN($B$2/50)+INDIRECT("'5-branch model Rjb'!O"&AB7)*LN('Evaluation of backbone models'!$B$2/100),INDIRECT("'5-branch model Rjb'!N"&AB7)*LN('Evaluation of backbone models'!$B$2/50))))} -> 2.1129701 | L7: {=EXP(INDIRECT("'5-branch model Rjb'!F"&AC7)+INDIRECT("'5-branch model Rjb'!G"&AC7)*'Evaluation of backbone models'!$B$1+INDIRECT("'5-branch model Rjb'!H"&AC7)*(8.5-'Evaluation of backbone models'!$B$1)^2+INDIRECT("'5-branch model Rjb'!I"&AC7)*LN(SQRT('Evaluation of backbone models'!$B$2^2+(INDIRECT("'5-branch model Rjb'!L"&AC7)*EXP(INDIRECT("'5-branch model Rjb'!M"&AC7)*'Evaluation of backbone models'!$B$1))^2))+(INDIRECT("'5-branch model Rjb'!J"&AC7)+INDIRECT("'5-branch model Rjb'!K"&AC7)*'Evaluation of backbone models'!$B$1)*'Evaluation of backbone models'!$B$2+IF('Evaluation of backbone models'!$B$2<=50,0,IF('Evaluation of backbone models'!$B$2>100,INDIRECT("'5-branch model Rjb'!N"&AC7)*LN($B$2/50)+INDIRECT("'5-branch model Rjb'!O"&AC7)*LN('Evaluation of backbone models'!$B$2/100),INDIRECT("'5-branch model Rjb'!N"&AC7)*LN('Evaluation of backbone models'!$B$2/50))))} -> 4.0807867 | M7: {=EXP(INDIRECT("'5-branch model Rjb'!F"&AD7)+INDIRECT("'5-branch model Rjb'!G"&AD7)*'Evaluation of backbone models'!$B$1+INDIRECT("'5-branch model Rjb'!H"&AD7)*(8.5-'Evaluation of backbone models'!$B$1)^2+INDIRECT("'5-branch model Rjb'!I"&AD7)*LN(SQRT('Evaluation of backbone models'!$B$2^2+(INDIRECT("'5-branch model Rjb'!L"&AD7)*EXP(INDIRECT("'5-branch model Rjb'!M"&AD7)*'Evaluation of backbone models'!$B$1))^2))+(INDIRECT("'5-branch model Rjb'!J"&AD7)+INDIRECT("'5-branch model Rjb'!K"&AD7)*'Evaluation of backbone models'!$B$1)*'Evaluation of backbone models'!$B$2+IF('Evaluation of backbone models'!$B$2<=50,0,IF('Evaluation of backbone models'!$B$2>100,INDIRECT("'5-branch model Rjb'!N"&AD7)*LN($B$2/50)+INDIRECT("'5-branch model Rjb'!O"&AD7)*LN('Evaluation of backbone models'!$B$2/100),INDIRECT("'5-branch model Rjb'!N"&AD7)*LN('Evaluation of backbone models'!$B$2/50))))} -> 0.55607331 | N7: {=EXP(INDIRECT("'5-branch model Rjb'!F"&AE7)+INDIRECT("'5-branch model Rjb'!G"&AE7)*'Evaluation of backbone models'!$B$1+INDIRECT("'5-branch model Rjb'!H"&AE7)*(8.5-'Evaluation of backbone models'!$B$1)^2+INDIRECT("'5-branch model Rjb'!I"&AE7)*LN(SQRT('Evaluation of backbone models'!$B$2^2+(INDIRECT("'5-branch model Rjb'!L"&AE7)*EXP(INDIRECT("'5-branch model Rjb'!M"&AE7)*'Evaluation of backbone models'!$B$1))^2))+(INDIRECT("'5-branch model Rjb'!J"&AE7)+INDIRECT("'5-branch model Rjb'!K"&AE7)*'Evaluation of backbone models'!$B$1)*'Evaluation of backbone models'!$B$2+IF('Evaluation of backbone models'!$B$2<=50,0,IF('Evaluation of backbone models'!$B$2>100,INDIRECT("'5-branch model Rjb'!N"&AE7)*LN($B$2/50)+INDIRECT("'5-branch model Rjb'!O"&AE7)*LN('Evaluation of backbone models'!$B$2/100),INDIRECT("'5-branch model Rjb'!N"&AE7)*LN('Evaluation of backbone models'!$B$2/50))))} -> 0.97310701 | O7: {=EXP(INDIRECT("'5-branch model Rjb'!F"&AF7)+INDIRECT("'5-branch model Rjb'!G"&AF7)*'Evaluation of backbone models'!$B$1+INDIRECT("'5-branch model Rjb'!H"&AF7)*(8.5-'Evaluation of backbone models'!$B$1)^2+INDIRECT("'5-branch model Rjb'!I"&AF7)*LN(SQRT('Evaluation of backbone models'!$B$2^2+(INDIRECT("'5-branch model Rjb'!L"&AF7)*EXP(INDIRECT("'5-branch model Rjb'!M"&AF7)*'Evaluation of backbone models'!$B$1))^2))+(INDIRECT("'5-branch model Rjb'!J"&AF7)+INDIRECT("'5-branch model Rjb'!K"&AF7)*'Evaluation of backbone models'!$B$1)*'Evaluation of backbone models'!$B$2+IF('Evaluation of backbone models'!$B$2<=50,0,IF('Evaluation of backbone models'!$B$2>100,INDIRECT("'5-branch model Rjb'!N"&AF7)*LN($B$2/50)+INDIRECT("'5-branch model Rjb'!O"&AF7)*LN('Evaluation of backbone models'!$B$2/100),INDIRECT("'5-branch model Rjb'!N"&AF7)*LN('Evaluation of backbone models'!$B$2/50))))} -> 1.489834 | ... Q7: {=EXP(INDIRECT("'5-branch model Rjb'!F"&AH7)+INDIRECT("'5-branch model Rjb'!G"&AH7)*'Evaluation of backbone models'!$B$1+INDIRECT("'5-branch model Rjb'!H"&AH7)*(8.5-'Evaluation of backbone models'!$B$1)^2+INDIRECT("'5-branch model Rjb'!I"&AH7)*LN(SQRT('Evaluation of backbone models'!$B$2^2+(INDIRECT("'5-branch model Rjb'!L"&AH7)*EXP(INDIRECT("'5-branch model Rjb'!M"&AH7)*'Evaluation of backbone models'!$B$1))^2))+(INDIRECT("'5-branch model Rjb'!J"&AH7)+INDIRECT("'5-branch model Rjb'!K"&AH7)*'Evaluation of backbone models'!$B$1)*'Evaluation of backbone models'!$B$2+IF('Evaluation of backbone models'!$B$2<=50,0,IF('Evaluation of backbone models'!$B$2>100,INDIRECT("'5-branch model Rjb'!N"&AH7)*LN($B$2/50)+INDIRECT("'5-branch model Rjb'!O"&AH7)*LN('Evaluation of backbone models'!$B$2/100),INDIRECT("'5-branch model Rjb'!N"&AH7)*LN('Evaluation of backbone models'!$B$2/50))))} -> 4.4380951 | S7: 5 | T7: 6 | U7: 7 | V7: =S7+57 -> 62 | W7: =T7+57 -> 63 | X7: =U7+57 -> 64 | Y7: 7 | Z7: 8 | AA7: 9 | AB7: 10 | AC7: 11 | AD7: 102 | AE7: 103 | AF7: 104 | AG7: 105 | AH7: 106 | AI7: =('[1]Evaluation of backbone models'!B7-B7)/'[1]Evaluation of backbone models'!B7 -> -0.0020239799 | AJ7: =('[1]Evaluation of backbone models'!C7-C7)/'[1]Evaluation of backbone models'!C7 -> 0.0038118046 | AK7: =('[1]Evaluation of backbone models'!D7-D7)/'[1]Evaluation of backbone models'!D7 -> 0.1193411 | AL7: =('[1]Evaluation of backbone models'!E7-E7)/'[1]Evaluation of backbone models'!E7 -> 0.0056451522 | AM7: =('[1]Evaluation of backbone models'!F7-F7)/'[1]Evaluation of backbone models'!F7 -> -0.00018928813 | AN7: =('[1]Evaluation of backbone models'!G7-G7)/'[1]Evaluation of backbone models'!G7 -> 0.004624955
A8: 0.05 | B8: {=EXP(INDIRECT("'3-branch model Rjb'!F"&S8)+INDIRECT("'3-branch model Rjb'!G"&S8)*'Evaluation of backbone models'!$B$1+INDIRECT("'3-branch model Rjb'!H"&S8)*(8.5-'Evaluation of backbone models'!$B$1)^2+INDIRECT("'3-branch model Rjb'!I"&S8)*LN(SQRT('Evaluation of backbone models'!$B$2^2+(INDIRECT("'3-branch model Rjb'!L"&S8)*EXP(INDIRECT("'3-branch model Rjb'!M"&S8)*'Evaluation of backbone models'!$B$1))^2))+(INDIRECT("'3-branch model Rjb'!J"&S8)+INDIRECT("'3-branch model Rjb'!K"&S8)*'Evaluation of backbone models'!$B$1)*'Evaluation of backbone models'!$B$2+IF('Evaluation of backbone models'!$B$2<=50,0,IF('Evaluation of backbone models'!$B$2>100,INDIRECT("'3-branch model Rjb'!N"&S8)*LN($B$2/50)+INDIRECT("'3-branch model Rjb'!O"&S8)*LN('Evaluation of backbone models'!$B$2/100),INDIRECT("'3-branch model Rjb'!N"&S8)*LN('Evaluation of backbone models'!$B$2/50))))} -> 0.69029129 | C8: {=EXP(INDIRECT("'3-branch model Rjb'!F"&T8)+INDIRECT("'3-branch model Rjb'!G"&T8)*'Evaluation of backbone models'!$B$1+INDIRECT("'3-branch model Rjb'!H"&T8)*(8.5-'Evaluation of backbone models'!$B$1)^2+INDIRECT("'3-branch model Rjb'!I"&T8)*LN(SQRT('Evaluation of backbone models'!$B$2^2+(INDIRECT("'3-branch model Rjb'!L"&T8)*EXP(INDIRECT("'3-branch model Rjb'!M"&T8)*'Evaluation of backbone models'!$B$1))^2))+(INDIRECT("'3-branch model Rjb'!J"&T8)+INDIRECT("'3-branch model Rjb'!K"&T8)*'Evaluation of backbone models'!$B$1)*'Evaluation of backbone models'!$B$2+IF('Evaluation of backbone models'!$B$2<=50,0,IF('Evaluation of backbone models'!$B$2>100,INDIRECT("'3-branch model Rjb'!N"&T8)*LN($B$2/50)+INDIRECT("'3-branch model Rjb'!O"&T8)*LN('Evaluation of backbone models'!$B$2/100),INDIRECT("'3-branch model Rjb'!N"&T8)*LN('Evaluation of backbone models'!$B$2/50))))} -> 2.0899245 | D8: {=EXP(INDIRECT("'3-branch model Rjb'!F"&U8)+INDIRECT("'3-branch model Rjb'!G"&U8)*'Evaluation of backbone models'!$B$1+INDIRECT("'3-branch model Rjb'!H"&U8)*(8.5-'Evaluation of backbone models'!$B$1)^2+INDIRECT("'3-branch model Rjb'!I"&U8)*LN(SQRT('Evaluation of backbone models'!$B$2^2+(INDIRECT("'3-branch model Rjb'!L"&U8)*EXP(INDIRECT("'3-branch model Rjb'!M"&U8)*'Evaluation of backbone models'!$B$1))^2))+(INDIRECT("'3-branch model Rjb'!J"&U8)+INDIRECT("'3-branch model Rjb'!K"&U8)*'Evaluation of backbone models'!$B$1)*'Evaluation of backbone models'!$B$2+IF('Evaluation of backbone models'!$B$2<=50,0,IF('Evaluation of backbone models'!$B$2>100,INDIRECT("'3-branch model Rjb'!N"&U8)*LN($B$2/50)+INDIRECT("'3-branch model Rjb'!O"&U8)*LN('Evaluation of backbone models'!$B$2/100),INDIRECT("'3-branch model Rjb'!N"&U8)*LN('Evaluation of backbone models'!$B$2/50))))} -> 4.4658743 | E8: {=EXP(INDIRECT("'3-branch model Rjb'!F"&V8)+INDIRECT("'3-branch model Rjb'!G"&V8)*'Evaluation of backbone models'!$B$1+INDIRECT("'3-branch model Rjb'!H"&V8)*(8.5-'Evaluation of backbone models'!$B$1)^2+INDIRECT("'3-branch model Rjb'!I"&V8)*LN(SQRT('Evaluation of backbone models'!$B$2^2+(INDIRECT("'3-branch model Rjb'!L"&V8)*EXP(INDIRECT("'3-branch model Rjb'!M"&V8)*'Evaluation of backbone models'!$B$1))^2))+(INDIRECT("'3-branch model Rjb'!J"&V8)+INDIRECT("'3-branch model Rjb'!K"&V8)*'Evaluation of backbone models'!$B$1)*'Evaluation of backbone models'!$B$2+IF('Evaluation of backbone models'!$B$2<=50,0,IF('Evaluation of backbone models'!$B$2>100,INDIRECT("'3-branch model Rjb'!N"&V8)*LN($B$2/50)+INDIRECT("'3-branch model Rjb'!O"&V8)*LN('Evaluation of backbone models'!$B$2/100),INDIRECT("'3-branch model Rjb'!N"&V8)*LN('Evaluation of backbone models'!$B$2/50))))} -> 0.80411014 | F8: {=EXP(INDIRECT("'3-branch model Rjb'!F"&W8)+INDIRECT("'3-branch model Rjb'!G"&W8)*'Evaluation of backbone models'!$B$1+INDIRECT("'3-branch model Rjb'!H"&W8)*(8.5-'Evaluation of backbone models'!$B$1)^2+INDIRECT("'3-branch model Rjb'!I"&W8)*LN(SQRT('Evaluation of backbone models'!$B$2^2+(INDIRECT("'3-branch model Rjb'!L"&W8)*EXP(INDIRECT("'3-branch model Rjb'!M"&W8)*'Evaluation of backbone models'!$B$1))^2))+(INDIRECT("'3-branch model Rjb'!J"&W8)+INDIRECT("'3-branch model Rjb'!K"&W8)*'Evaluation of backbone models'!$B$1)*'Evaluation of backbone models'!$B$2+IF('Evaluation of backbone models'!$B$2<=50,0,IF('Evaluation of backbone models'!$B$2>100,INDIRECT("'3-branch model Rjb'!N"&W8)*LN($B$2/50)+INDIRECT("'3-branch model Rjb'!O"&W8)*LN('Evaluation of backbone models'!$B$2/100),INDIRECT("'3-branch model Rjb'!N"&W8)*LN('Evaluation of backbone models'!$B$2/50))))} -> 2.0913395 | G8: {=EXP(INDIRECT("'3-branch model Rjb'!F"&X8)+INDIRECT("'3-branch model Rjb'!G"&X8)*'Evaluation of backbone models'!$B$1+INDIRECT("'3-branch model Rjb'!H"&X8)*(8.5-'Evaluation of backbone models'!$B$1)^2+INDIRECT("'3-branch model Rjb'!I"&X8)*LN(SQRT('Evaluation of backbone models'!$B$2^2+(INDIRECT("'3-branch model Rjb'!L"&X8)*EXP(INDIRECT("'3-branch model Rjb'!M"&X8)*'Evaluation of backbone models'!$B$1))^2))+(INDIRECT("'3-branch model Rjb'!J"&X8)+INDIRECT("'3-branch model Rjb'!K"&X8)*'Evaluation of backbone models'!$B$1)*'Evaluation of backbone models'!$B$2+IF('Evaluation of backbone models'!$B$2<=50,0,IF('Evaluation of backbone models'!$B$2>100,INDIRECT("'3-branch model Rjb'!N"&X8)*LN($B$2/50)+INDIRECT("'3-branch model Rjb'!O"&X8)*LN('Evaluation of backbone models'!$B$2/100),INDIRECT("'3-branch model Rjb'!N"&X8)*LN('Evaluation of backbone models'!$B$2/50))))} -> 4.5306622 | H8: {=EXP(INDIRECT("'5-branch model Rjb'!F"&Y8)+INDIRECT("'5-branch model Rjb'!G"&Y8)*'Evaluation of backbone models'!$B$1+INDIRECT("'5-branch model Rjb'!H"&Y8)*(8.5-'Evaluation of backbone models'!$B$1)^2+INDIRECT("'5-branch model Rjb'!I"&Y8)*LN(SQRT('Evaluation of backbone models'!$B$2^2+(INDIRECT("'5-branch model Rjb'!L"&Y8)*EXP(INDIRECT("'5-branch model Rjb'!M"&Y8)*'Evaluation of backbone models'!$B$1))^2))+(INDIRECT("'5-branch model Rjb'!J"&Y8)+INDIRECT("'5-branch model Rjb'!K"&Y8)*'Evaluation of backbone models'!$B$1)*'Evaluation of backbone models'!$B$2+IF('Evaluation of backbone models'!$B$2<=50,0,IF('Evaluation of backbone models'!$B$2>100,INDIRECT("'5-branch model Rjb'!N"&Y8)*LN($B$2/50)+INDIRECT("'5-branch model Rjb'!O"&Y8)*LN('Evaluation of backbone models'!$B$2/100),INDIRECT("'5-branch model Rjb'!N"&Y8)*LN('Evaluation of backbone models'!$B$2/50))))} -> 0.52088061 | I8: {=EXP(INDIRECT("'5-branch model Rjb'!F"&Z8)+INDIRECT("'5-branch model Rjb'!G"&Z8)*'Evaluation of backbone models'!$B$1+INDIRECT("'5-branch model Rjb'!H"&Z8)*(8.5-'Evaluation of backbone models'!$B$1)^2+INDIRECT("'5-branch model Rjb'!I"&Z8)*LN(SQRT('Evaluation of backbone models'!$B$2^2+(INDIRECT("'5-branch model Rjb'!L"&Z8)*EXP(INDIRECT("'5-branch model Rjb'!M"&Z8)*'Evaluation of backbone models'!$B$1))^2))+(INDIRECT("'5-branch model Rjb'!J"&Z8)+INDIRECT("'5-branch model Rjb'!K"&Z8)*'Evaluation of backbone models'!$B$1)*'Evaluation of backbone models'!$B$2+IF('Evaluation of backbone models'!$B$2<=50,0,IF('Evaluation of backbone models'!$B$2>100,INDIRECT("'5-branch model Rjb'!N"&Z8)*LN($B$2/50)+INDIRECT("'5-branch model Rjb'!O"&Z8)*LN('Evaluation of backbone models'!$B$2/100),INDIRECT("'5-branch model Rjb'!N"&Z8)*LN('Evaluation of backbone models'!$B$2/50))))} -> 1.1655697 | J8: {=EXP(INDIRECT("'5-branch model Rjb'!F"&AA8)+INDIRECT("'5-branch model Rjb'!G"&AA8)*'Evaluation of backbone models'!$B$1+INDIRECT("'5-branch model Rjb'!H"&AA8)*(8.5-'Evaluation of backbone models'!$B$1)^2+INDIRECT("'5-branch model Rjb'!I"&AA8)*LN(SQRT('Evaluation of backbone models'!$B$2^2+(INDIRECT("'5-branch model Rjb'!L"&AA8)*EXP(INDIRECT("'5-branch model Rjb'!M"&AA8)*'Evaluation of backbone models'!$B$1))^2))+(INDIRECT("'5-branch model Rjb'!J"&AA8)+INDIRECT("'5-branch model Rjb'!K"&AA8)*'Evaluation of backbone models'!$B$1)*'Evaluation of backbone models'!$B$2+IF('Evaluation of backbone models'!$B$2<=50,0,IF('Evaluation of backbone models'!$B$2>100,INDIRECT("'5-branch model Rjb'!N"&AA8)*LN($B$2/50)+INDIRECT("'5-branch model Rjb'!O"&AA8)*LN('Evaluation of backbone models'!$B$2/100),INDIRECT("'5-branch model Rjb'!N"&AA8)*LN('Evaluation of backbone models'!$B$2/50))))} -> 2.0963309 | K8: {=EXP(INDIRECT("'5-branch model Rjb'!F"&AB8)+INDIRECT("'5-branch model Rjb'!G"&AB8)*'Evaluation of backbone models'!$B$1+INDIRECT("'5-branch model Rjb'!H"&AB8)*(8.5-'Evaluation of backbone models'!$B$1)^2+INDIRECT("'5-branch model Rjb'!I"&AB8)*LN(SQRT('Evaluation of backbone models'!$B$2^2+(INDIRECT("'5-branch model Rjb'!L"&AB8)*EXP(INDIRECT("'5-branch model Rjb'!M"&AB8)*'Evaluation of backbone models'!$B$1))^2))+(INDIRECT("'5-branch model Rjb'!J"&AB8)+INDIRECT("'5-branch model Rjb'!K"&AB8)*'Evaluation of backbone models'!$B$1)*'Evaluation of backbone models'!$B$2+IF('Evaluation of backbone models'!$B$2<=50,0,IF('Evaluation of backbone models'!$B$2>100,INDIRECT("'5-branch model Rjb'!N"&AB8)*LN($B$2/50)+INDIRECT("'5-branch model Rjb'!O"&AB8)*LN('Evaluation of backbone models'!$B$2/100),INDIRECT("'5-branch model Rjb'!N"&AB8)*LN('Evaluation of backbone models'!$B$2/50))))} -> 3.0146362 | L8: {=EXP(INDIRECT("'5-branch model Rjb'!F"&AC8)+INDIRECT("'5-branch model Rjb'!G"&AC8)*'Evaluation of backbone models'!$B$1+INDIRECT("'5-branch model Rjb'!H"&AC8)*(8.5-'Evaluation of backbone models'!$B$1)^2+INDIRECT("'5-branch model Rjb'!I"&AC8)*LN(SQRT('Evaluation of backbone models'!$B$2^2+(INDIRECT("'5-branch model Rjb'!L"&AC8)*EXP(INDIRECT("'5-branch model Rjb'!M"&AC8)*'Evaluation of backbone models'!$B$1))^2))+(INDIRECT("'5-branch model Rjb'!J"&AC8)+INDIRECT("'5-branch model Rjb'!K"&AC8)*'Evaluation of backbone models'!$B$1)*'Evaluation of backbone models'!$B$2+IF('Evaluation of backbone models'!$B$2<=50,0,IF('Evaluation of backbone models'!$B$2>100,INDIRECT("'5-branch model Rjb'!N"&AC8)*LN($B$2/50)+INDIRECT("'5-branch model Rjb'!O"&AC8)*LN('Evaluation of backbone models'!$B$2/100),INDIRECT("'5-branch model Rjb'!N"&AC8)*LN('Evaluation of backbone models'!$B$2/50))))} -> 4.5823653 | M8: {=EXP(INDIRECT("'5-branch model Rjb'!F"&AD8)+INDIRECT("'5-branch model Rjb'!G"&AD8)*'Evaluation of backbone models'!$B$1+INDIRECT("'5-branch model Rjb'!H"&AD8)*(8.5-'Evaluation of backbone models'!$B$1)^2+INDIRECT("'5-branch model Rjb'!I"&AD8)*LN(SQRT('Evaluation of backbone models'!$B$2^2+(INDIRECT("'5-branch model Rjb'!L"&AD8)*EXP(INDIRECT("'5-branch model Rjb'!M"&AD8)*'Evaluation of backbone models'!$B$1))^2))+(INDIRECT("'5-branch model Rjb'!J"&AD8)+INDIRECT("'5-branch model Rjb'!K"&AD8)*'Evaluation of backbone models'!$B$1)*'Evaluation of backbone models'!$B$2+IF('Evaluation of backbone models'!$B$2<=50,0,IF('Evaluation of backbone models'!$B$2>100,INDIRECT("'5-branch model Rjb'!N"&AD8)*LN($B$2/50)+INDIRECT("'5-branch model Rjb'!O"&AD8)*LN('Evaluation of backbone models'!$B$2/100),INDIRECT("'5-branch model Rjb'!N"&AD8)*LN('Evaluation of backbone models'!$B$2/50))))} -> 0.79411299 | N8: {=EXP(INDIRECT("'5-branch model Rjb'!F"&AE8)+INDIRECT("'5-branch model Rjb'!G"&AE8)*'Evaluation of backbone models'!$B$1+INDIRECT("'5-branch model Rjb'!H"&AE8)*(8.5-'Evaluation of backbone models'!$B$1)^2+INDIRECT("'5-branch model Rjb'!I"&AE8)*LN(SQRT('Evaluation of backbone models'!$B$2^2+(INDIRECT("'5-branch model Rjb'!L"&AE8)*EXP(INDIRECT("'5-branch model Rjb'!M"&AE8)*'Evaluation of backbone models'!$B$1))^2))+(INDIRECT("'5-branch model Rjb'!J"&AE8)+INDIRECT("'5-branch model Rjb'!K"&AE8)*'Evaluation of backbone models'!$B$1)*'Evaluation of backbone models'!$B$2+IF('Evaluation of backbone models'!$B$2<=50,0,IF('Evaluation of backbone models'!$B$2>100,INDIRECT("'5-branch model Rjb'!N"&AE8)*LN($B$2/50)+INDIRECT("'5-branch model Rjb'!O"&AE8)*LN('Evaluation of backbone models'!$B$2/100),INDIRECT("'5-branch model Rjb'!N"&AE8)*LN('Evaluation of backbone models'!$B$2/50))))} -> 1.2070993 | O8: {=EXP(INDIRECT("'5-branch model Rjb'!F"&AF8)+INDIRECT("'5-branch model Rjb'!G"&AF8)*'Evaluation of backbone models'!$B$1+INDIRECT("'5-branch model Rjb'!H"&AF8)*(8.5-'Evaluation of backbone models'!$B$1)^2+INDIRECT("'5-branch model Rjb'!I"&AF8)*LN(SQRT('Evaluation of backbone models'!$B$2^2+(INDIRECT("'5-branch model Rjb'!L"&AF8)*EXP(INDIRECT("'5-branch model Rjb'!M"&AF8)*'Evaluation of backbone models'!$B$1))^2))+(INDIRECT("'5-branch model Rjb'!J"&AF8)+INDIRECT("'5-branch model Rjb'!K"&AF8)*'Evaluation of backbone models'!$B$1)*'Evaluation of backbone models'!$B$2+IF('Evaluation of backbone models'!$B$2<=50,0,IF('Evaluation of backbone models'!$B$2>100,INDIRECT("'5-branch model Rjb'!N"&AF8)*LN($B$2/50)+INDIRECT("'5-branch model Rjb'!O"&AF8)*LN('Evaluation of backbone models'!$B$2/100),INDIRECT("'5-branch model Rjb'!N"&AF8)*LN('Evaluation of backbone models'!$B$2/50))))} -> 2.0928456 | ... Q8: {=EXP(INDIRECT("'5-branch model Rjb'!F"&AH8)+INDIRECT("'5-branch model Rjb'!G"&AH8)*'Evaluation of backbone models'!$B$1+INDIRECT("'5-branch model Rjb'!H"&AH8)*(8.5-'Evaluation of backbone models'!$B$1)^2+INDIRECT("'5-branch model Rjb'!I"&AH8)*LN(SQRT('Evaluation of backbone models'!$B$2^2+(INDIRECT("'5-branch model Rjb'!L"&AH8)*EXP(INDIRECT("'5-branch model Rjb'!M"&AH8)*'Evaluation of backbone models'!$B$1))^2))+(INDIRECT("'5-branch model Rjb'!J"&AH8)+INDIRECT("'5-branch model Rjb'!K"&AH8)*'Evaluation of backbone models'!$B$1)*'Evaluation of backbone models'!$B$2+IF('Evaluation of backbone models'!$B$2<=50,0,IF('Evaluation of backbone models'!$B$2>100,INDIRECT("'5-branch model Rjb'!N"&AH8)*LN($B$2/50)+INDIRECT("'5-branch model Rjb'!O"&AH8)*LN('Evaluation of backbone models'!$B$2/100),INDIRECT("'5-branch model Rjb'!N"&AH8)*LN('Evaluation of backbone models'!$B$2/50))))} -> 5.3209959 | S8: 8 | T8: 9 | U8: 10 | V8: =S8+57 -> 65 | W8: =T8+57 -> 66 | X8: =U8+57 -> 67 | Y8: 12 | Z8: 13 | AA8: 14 | AB8: 15 | AC8: 16 | AD8: 107 | AE8: 108 | AF8: 109 | AG8: 110 | AH8: 111 | AI8: =('[1]Evaluation of backbone models'!B8-B8)/'[1]Evaluation of backbone models'!B8 -> -0.0038144649 | AJ8: =('[1]Evaluation of backbone models'!C8-C8)/'[1]Evaluation of backbone models'!C8 -> 0.008547004 | AK8: =('[1]Evaluation of backbone models'!D8-D8)/'[1]Evaluation of backbone models'!D8 -> 0.1525931 | AL8: =('[1]Evaluation of backbone models'!E8-E8)/'[1]Evaluation of backbone models'!E8 -> 0.0032848558 | AM8: =('[1]Evaluation of backbone models'!F8-F8)/'[1]Evaluation of backbone models'!F8 -> 0.00079613938 | AN8: =('[1]Evaluation of backbone models'!G8-G8)/'[1]Evaluation of backbone models'!G8 -> 0.0018384475
A9: 0.075 | B9: {=EXP(INDIRECT("'3-branch model Rjb'!F"&S9)+INDIRECT("'3-branch model Rjb'!G"&S9)*'Evaluation of backbone models'!$B$1+INDIRECT("'3-branch model Rjb'!H"&S9)*(8.5-'Evaluation of backbone models'!$B$1)^2+INDIRECT("'3-branch model Rjb'!I"&S9)*LN(SQRT('Evaluation of backbone models'!$B$2^2+(INDIRECT("'3-branch model Rjb'!L"&S9)*EXP(INDIRECT("'3-branch model Rjb'!M"&S9)*'Evaluation of backbone models'!$B$1))^2))+(INDIRECT("'3-branch model Rjb'!J"&S9)+INDIRECT("'3-branch model Rjb'!K"&S9)*'Evaluation of backbone models'!$B$1)*'Evaluation of backbone models'!$B$2+IF('Evaluation of backbone models'!$B$2<=50,0,IF('Evaluation of backbone models'!$B$2>100,INDIRECT("'3-branch model Rjb'!N"&S9)*LN($B$2/50)+INDIRECT("'3-branch model Rjb'!O"&S9)*LN('Evaluation of backbone models'!$B$2/100),INDIRECT("'3-branch model Rjb'!N"&S9)*LN('Evaluation of backbone models'!$B$2/50))))} -> 0.80861063 | C9: {=EXP(INDIRECT("'3-branch model Rjb'!F"&T9)+INDIRECT("'3-branch model Rjb'!G"&T9)*'Evaluation of backbone models'!$B$1+INDIRECT("'3-branch model Rjb'!H"&T9)*(8.5-'Evaluation of backbone models'!$B$1)^2+INDIRECT("'3-branch model Rjb'!I"&T9)*LN(SQRT('Evaluation of backbone models'!$B$2^2+(INDIRECT("'3-branch model Rjb'!L"&T9)*EXP(INDIRECT("'3-branch model Rjb'!M"&T9)*'Evaluation of backbone models'!$B$1))^2))+(INDIRECT("'3-branch model Rjb'!J"&T9)+INDIRECT("'3-branch model Rjb'!K"&T9)*'Evaluation of backbone models'!$B$1)*'Evaluation of backbone models'!$B$2+IF('Evaluation of backbone models'!$B$2<=50,0,IF('Evaluation of backbone models'!$B$2>100,INDIRECT("'3-branch model Rjb'!N"&T9)*LN($B$2/50)+INDIRECT("'3-branch model Rjb'!O"&T9)*LN('Evaluation of backbone models'!$B$2/100),INDIRECT("'3-branch model Rjb'!N"&T9)*LN('Evaluation of backbone models'!$B$2/50))))} -> 2.4239254 | D9: {=EXP(INDIRECT("'3-branch model Rjb'!F"&U9)+INDIRECT("'3-branch model Rjb'!G"&U9)*'Evaluation of backbone models'!$B$1+INDIRECT("'3-branch model Rjb'!H"&U9)*(8.5-'Evaluation of backbone models'!$B$1)^2+INDIRECT("'3-branch model Rjb'!I"&U9)*LN(SQRT('Evaluation of backbone models'!$B$2^2+(INDIRECT("'3-branch model Rjb'!L"&U9)*EXP(INDIRECT("'3-branch model Rjb'!M"&U9)*'Evaluation of backbone models'!$B$1))^2))+(INDIRECT("'3-branch model Rjb'!J"&U9)+INDIRECT("'3-branch model Rjb'!K"&U9)*'Evaluation of backbone models'!$B$1)*'Evaluation of backbone models'!$B$2+IF('Evaluation of backbone models'!$B$2<=50,0,IF('Evaluation of backbone models'!$B$2>100,INDIRECT("'3-branch model Rjb'!N"&U9)*LN($B$2/50)+INDIRECT("'3-branch model Rjb'!O"&U9)*LN('Evaluation of backbone models'!$B$2/100),INDIRECT("'3-branch model Rjb'!N"&U9)*LN('Evaluation of backbone models'!$B$2/50))))} -> 4.3118759 | E9: {=EXP(INDIRECT("'3-branch model Rjb'!F"&V9)+INDIRECT("'3-branch model Rjb'!G"&V9)*'Evaluation of backbone models'!$B$1+INDIRECT("'3-branch model Rjb'!H"&V9)*(8.5-'Evaluation of backbone models'!$B$1)^2+INDIRECT("'3-branch model Rjb'!I"&V9)*LN(SQRT('Evaluation of backbone models'!$B$2^2+(INDIRECT("'3-branch model Rjb'!L"&V9)*EXP(INDIRECT("'3-branch model Rjb'!M"&V9)*'Evaluation of backbone models'!$B$1))^2))+(INDIRECT("'3-branch model Rjb'!J"&V9)+INDIRECT("'3-branch model Rjb'!K"&V9)*'Evaluation of backbone models'!$B$1)*'Evaluation of backbone models'!$B$2+IF('Evaluation of backbone models'!$B$2<=50,0,IF('Evaluation of backbone models'!$B$2>100,INDIRECT("'3-branch model Rjb'!N"&V9)*LN($B$2/50)+INDIRECT("'3-branch model Rjb'!O"&V9)*LN('Evaluation of backbone models'!$B$2/100),INDIRECT("'3-branch model Rjb'!N"&V9)*LN('Evaluation of backbone models'!$B$2/50))))} -> 0.91871252 | F9: {=EXP(INDIRECT("'3-branch model Rjb'!F"&W9)+INDIRECT("'3-branch model Rjb'!G"&W9)*'Evaluation of backbone models'!$B$1+INDIRECT("'3-branch model Rjb'!H"&W9)*(8.5-'Evaluation of backbone models'!$B$1)^2+INDIRECT("'3-branch model Rjb'!I"&W9)*LN(SQRT('Evaluation of backbone models'!$B$2^2+(INDIRECT("'3-branch model Rjb'!L"&W9)*EXP(INDIRECT("'3-branch model Rjb'!M"&W9)*'Evaluation of backbone models'!$B$1))^2))+(INDIRECT("'3-branch model Rjb'!J"&W9)+INDIRECT("'3-branch model Rjb'!K"&W9)*'Evaluation of backbone models'!$B$1)*'Evaluation of backbone models'!$B$2+IF('Evaluation of backbone models'!$B$2<=50,0,IF('Evaluation of backbone models'!$B$2>100,INDIRECT("'3-branch model Rjb'!N"&W9)*LN($B$2/50)+INDIRECT("'3-branch model Rjb'!O"&W9)*LN('Evaluation of backbone models'!$B$2/100),INDIRECT("'3-branch model Rjb'!N"&W9)*LN('Evaluation of backbone models'!$B$2/50))))} -> 2.4349319 | G9: {=EXP(INDIRECT("'3-branch model Rjb'!F"&X9)+INDIRECT("'3-branch model Rjb'!G"&X9)*'Evaluation of backbone models'!$B$1+INDIRECT("'3-branch model Rjb'!H"&X9)*(8.5-'Evaluation of backbone models'!$B$1)^2+INDIRECT("'3-branch model Rjb'!I"&X9)*LN(SQRT('Evaluation of backbone models'!$B$2^2+(INDIRECT("'3-branch model Rjb'!L"&X9)*EXP(INDIRECT("'3-branch model Rjb'!M"&X9)*'Evaluation of backbone models'!$B$1))^2))+(INDIRECT("'3-branch model Rjb'!J"&X9)+INDIRECT("'3-branch model Rjb'!K"&X9)*'Evaluation of backbone models'!$B$1)*'Evaluation of backbone models'!$B$2+IF('Evaluation of backbone models'!$B$2<=50,0,IF('Evaluation of backbone models'!$B$2>100,INDIRECT("'3-branch model Rjb'!N"&X9)*LN($B$2/50)+INDIRECT("'3-branch model Rjb'!O"&X9)*LN('Evaluation of backbone models'!$B$2/100),INDIRECT("'3-branch model Rjb'!N"&X9)*LN('Evaluation of backbone models'!$B$2/50))))} -> 4.3752466 | H9: {=EXP(INDIRECT("'5-branch model Rjb'!F"&Y9)+INDIRECT("'5-branch model Rjb'!G"&Y9)*'Evaluation of backbone models'!$B$1+INDIRECT("'5-branch model Rjb'!H"&Y9)*(8.5-'Evaluation of backbone models'!$B$1)^2+INDIRECT("'5-branch model Rjb'!I"&Y9)*LN(SQRT('Evaluation of backbone models'!$B$2^2+(INDIRECT("'5-branch model Rjb'!L"&Y9)*EXP(INDIRECT("'5-branch model Rjb'!M"&Y9)*'Evaluation of backbone models'!$B$1))^2))+(INDIRECT("'5-branch model Rjb'!J"&Y9)+INDIRECT("'5-branch model Rjb'!K"&Y9)*'Evaluation of backbone models'!$B$1)*'Evaluation of backbone models'!$B$2+IF('Evaluation of backbone models'!$B$2<=50,0,IF('Evaluation of backbone models'!$B$2>100,INDIRECT("'5-branch model Rjb'!N"&Y9)*LN($B$2/50)+INDIRECT("'5-branch model Rjb'!O"&Y9)*LN('Evaluation of backbone models'!$B$2/100),INDIRECT("'5-branch model Rjb'!N"&Y9)*LN('Evaluation of backbone models'!$B$2/50))))} -> 0.64412005 | I9: {=EXP(INDIRECT("'5-branch model Rjb'!F"&Z9)+INDIRECT("'5-branch model Rjb'!G"&Z9)*'Evaluation of backbone models'!$B$1+INDIRECT("'5-branch model Rjb'!H"&Z9)*(8.5-'Evaluation of backbone models'!$B$1)^2+INDIRECT("'5-branch model Rjb'!I"&Z9)*LN(SQRT('Evaluation of backbone models'!$B$2^2+(INDIRECT("'5-branch model Rjb'!L"&Z9)*EXP(INDIRECT("'5-branch model Rjb'!M"&Z9)*'Evaluation of backbone models'!$B$1))^2))+(INDIRECT("'5-branch model Rjb'!J"&Z9)+INDIRECT("'5-branch model Rjb'!K"&Z9)*'Evaluation of backbone models'!$B$1)*'Evaluation of backbone models'!$B$2+IF('Evaluation of backbone models'!$B$2<=50,0,IF('Evaluation of backbone models'!$B$2>100,INDIRECT("'5-branch model Rjb'!N"&Z9)*LN($B$2/50)+INDIRECT("'5-branch model Rjb'!O"&Z9)*LN('Evaluation of backbone models'!$B$2/100),INDIRECT("'5-branch model Rjb'!N"&Z9)*LN('Evaluation of backbone models'!$B$2/50))))} -> 1.4652735 | J9: {=EXP(INDIRECT("'5-branch model Rjb'!F"&AA9)+INDIRECT("'5-branch model Rjb'!G"&AA9)*'Evaluation of backbone models'!$B$1+INDIRECT("'5-branch model Rjb'!H"&AA9)*(8.5-'Evaluation of backbone models'!$B$1)^2+INDIRECT("'5-branch model Rjb'!I"&AA9)*LN(SQRT('Evaluation of backbone models'!$B$2^2+(INDIRECT("'5-branch model Rjb'!L"&AA9)*EXP(INDIRECT("'5-branch model Rjb'!M"&AA9)*'Evaluation of backbone models'!$B$1))^2))+(INDIRECT("'5-branch model Rjb'!J"&AA9)+INDIRECT("'5-branch model Rjb'!K"&AA9)*'Evaluation of backbone models'!$B$1)*'Evaluation of backbone models'!$B$2+IF('Evaluation of backbone models'!$B$2<=50,0,IF('Evaluation of backbone models'!$B$2>100,INDIRECT("'5-branch model Rjb'!N"&AA9)*LN($B$2/50)+INDIRECT("'5-branch model Rjb'!O"&AA9)*LN('Evaluation of backbone models'!$B$2/100),INDIRECT("'5-branch model Rjb'!N"&AA9)*LN('Evaluation of backbone models'!$B$2/50))))} -> 2.4268897 | K9: {=EXP(INDIRECT("'5-branch model Rjb'!F"&AB9)+INDIRECT("'5-branch model Rjb'!G"&AB9)*'Evaluation of backbone models'!$B$1+INDIRECT("'5-branch model Rjb'!H"&AB9)*(8.5-'Evaluation of backbone models'!$B$1)^2+INDIRECT("'5-branch model Rjb'!I"&AB9)*LN(SQRT('Evaluation of backbone models'!$B$2^2+(INDIRECT("'5-branch model Rjb'!L"&AB9)*EXP(INDIRECT("'5-branch model Rjb'!M"&AB9)*'Evaluation of backbone models'!$B$1))^2))+(INDIRECT("'5-branch model Rjb'!J"&AB9)+INDIRECT("'5-branch model Rjb'!K"&AB9)*'Evaluation of backbone models'!$B$1)*'Evaluation of backbone models'!$B$2+IF('Evaluation of backbone models'!$B$2<=50,0,IF('Evaluation of backbone models'!$B$2>100,INDIRECT("'5-branch model Rjb'!N"&AB9)*LN($B$2/50)+INDIRECT("'5-branch model Rjb'!O"&AB9)*LN('Evaluation of backbone models'!$B$2/100),INDIRECT("'5-branch model Rjb'!N"&AB9)*LN('Evaluation of backbone models'!$B$2/50))))} -> 3.5096458 | L9: {=EXP(INDIRECT("'5-branch model Rjb'!F"&AC9)+INDIRECT("'5-branch model Rjb'!G"&AC9)*'Evaluation of backbone models'!$B$1+INDIRECT("'5-branch model Rjb'!H"&AC9)*(8.5-'Evaluation of backbone models'!$B$1)^2+INDIRECT("'5-branch model Rjb'!I"&AC9)*LN(SQRT('Evaluation of backbone models'!$B$2^2+(INDIRECT("'5-branch model Rjb'!L"&AC9)*EXP(INDIRECT("'5-branch model Rjb'!M"&AC9)*'Evaluation of backbone models'!$B$1))^2))+(INDIRECT("'5-branch model Rjb'!J"&AC9)+INDIRECT("'5-branch model Rjb'!K"&AC9)*'Evaluation of backbone models'!$B$1)*'Evaluation of backbone models'!$B$2+IF('Evaluation of backbone models'!$B$2<=50,0,IF('Evaluation of backbone models'!$B$2>100,INDIRECT("'5-branch model Rjb'!N"&AC9)*LN($B$2/50)+INDIRECT("'5-branch model Rjb'!O"&AC9)*LN('Evaluation of backbone models'!$B$2/100),INDIRECT("'5-branch model Rjb'!N"&AC9)*LN('Evaluation of backbone models'!$B$2/50))))} -> 4.424386 | M9: {=EXP(INDIRECT("'5-branch model Rjb'!F"&AD9)+INDIRECT("'5-branch model Rjb'!G"&AD9)*'Evaluation of backbone models'!$B$1+INDIRECT("'5-branch model Rjb'!H"&AD9)*(8.5-'Evaluation of backbone models'!$B$1)^2+INDIRECT("'5-branch model Rjb'!I"&AD9)*LN(SQRT('Evaluation of backbone models'!$B$2^2+(INDIRECT("'5-branch model Rjb'!L"&AD9)*EXP(INDIRECT("'5-branch model Rjb'!M"&AD9)*'Evaluation of backbone models'!$B$1))^2))+(INDIRECT("'5-branch model Rjb'!J"&AD9)+INDIRECT("'5-branch model Rjb'!K"&AD9)*'Evaluation of backbone models'!$B$1)*'Evaluation of backbone models'!$B$2+IF('Evaluation of backbone models'!$B$2<=50,0,IF('Evaluation of backbone models'!$B$2>100,INDIRECT("'5-branch model Rjb'!N"&AD9)*LN($B$2/50)+INDIRECT("'5-branch model Rjb'!O"&AD9)*LN('Evaluation of backbone models'!$B$2/100),INDIRECT("'5-branch model Rjb'!N"&AD9)*LN('Evaluation of backbone models'!$B$2/50))))} -> 0.90427162 | N9: {=EXP(INDIRECT("'5-branch model Rjb'!F"&AE9)+INDIRECT("'5-branch model Rjb'!G"&AE9)*'Evaluation of backbone models'!$B$1+INDIRECT("'5-branch model Rjb'!H"&AE9)*(8.5-'Evaluation of backbone models'!$B$1)^2+INDIRECT("'5-branch model Rjb'!I"&AE9)*LN(SQRT('Evaluation of backbone models'!$B$2^2+(INDIRECT("'5-branch model Rjb'!L"&AE9)*EXP(INDIRECT("'5-branch model Rjb'!M"&AE9)*'Evaluation of backbone models'!$B$1))^2))+(INDIRECT("'5-branch model Rjb'!J"&AE9)+INDIRECT("'5-branch model Rjb'!K"&AE9)*'Evaluation of backbone models'!$B$1)*'Evaluation of backbone models'!$B$2+IF('Evaluation of backbone models'!$B$2<=50,0,IF('Evaluation of backbone models'!$B$2>100,INDIRECT("'5-branch model Rjb'!N"&AE9)*LN($B$2/50)+INDIRECT("'5-branch model Rjb'!O"&AE9)*LN('Evaluation of backbone models'!$B$2/100),INDIRECT("'5-branch model Rjb'!N"&AE9)*LN('Evaluation of backbone models'!$B$2/50))))} -> 1.5145148 | O9: {=EXP(INDIRECT("'5-branch model Rjb'!F"&AF9)+INDIRECT("'5-branch model Rjb'!G"&AF9)*'Evaluation of backbone models'!$B$1+INDIRECT("'5-branch model Rjb'!H"&AF9)*(8.5-'Evaluation of backbone models'!$B$1)^2+INDIRECT("'5-branch model Rjb'!I"&AF9)*LN(SQRT('Evaluation of backbone models'!$B$2^2+(INDIRECT("'5-branch model Rjb'!L"&AF9)*EXP(INDIRECT("'5-branch model Rjb'!M"&AF9)*'Evaluation of backbone models'!$B$1))^2))+(INDIRECT("'5-branch model Rjb'!J"&AF9)+INDIRECT("'5-branch model Rjb'!K"&AF9)*'Evaluation of backbone models'!$B$1)*'Evaluation of backbone models'!$B$2+IF('Evaluation of backbone models'!$B$2<=50,0,IF('Evaluation of backbone models'!$B$2>100,INDIRECT("'5-branch model Rjb'!N"&AF9)*LN($B$2/50)+INDIRECT("'5-branch model Rjb'!O"&AF9)*LN('Evaluation of backbone models'!$B$2/100),INDIRECT("'5-branch model Rjb'!N"&AF9)*LN('Evaluation of backbone models'!$B$2/50))))} -> 2.4366038 | ... Q9: {=EXP(INDIRECT("'5-branch model Rjb'!F"&AH9)+INDIRECT("'5-branch model Rjb'!G"&AH9)*'Evaluation of backbone models'!$B$1+INDIRECT("'5-branch model Rjb'!H"&AH9)*(8.5-'Evaluation of backbone models'!$B$1)^2+INDIRECT("'5-branch model Rjb'!I"&AH9)*LN(SQRT('Evaluation of backbone models'!$B$2^2+(INDIRECT("'5-branch model Rjb'!L"&AH9)*EXP(INDIRECT("'5-branch model Rjb'!M"&AH9)*'Evaluation of backbone models'!$B$1))^2))+(INDIRECT("'5-branch model Rjb'!J"&AH9)+INDIRECT("'5-branch model Rjb'!K"&AH9)*'Evaluation of backbone models'!$B$1)*'Evaluation of backbone models'!$B$2+IF('Evaluation of backbone models'!$B$2<=50,0,IF('Evaluation of backbone models'!$B$2>100,INDIRECT("'5-branch model Rjb'!N"&AH9)*LN($B$2/50)+INDIRECT("'5-branch model Rjb'!O"&AH9)*LN('Evaluation of backbone models'!$B$2/100),INDIRECT("'5-branch model Rjb'!N"&AH9)*LN('Evaluation of backbone models'!$B$2/50))))} -> 5.3856284 | S9: 11 | T9: 12 | U9: 13 | V9: =S9+57 -> 68 | W9: =T9+57 -> 69 | X9: =U9+57 -> 70 | Y9: 17 | Z9: 18 | AA9: 19 | AB9: 20 | AC9: 21 | AD9: 112 | AE9: 113 | AF9: 114 | AG9: 115 | AH9: 116 | AI9: =('[1]Evaluation of backbone models'!B9-B9)/'[1]Evaluation of backbone models'!B9 -> -0.0057009059 | AJ9: =('[1]Evaluation of backbone models'!C9-C9)/'[1]Evaluation of backbone models'!C9 -> 0.0037043636 | AK9: =('[1]Evaluation of backbone models'!D9-D9)/'[1]Evaluation of backbone models'!D9 -> 0.18409056 | AL9: =('[1]Evaluation of backbone models'!E9-E9)/'[1]Evaluation of backbone models'!E9 -> 0.0039539411 | AM9: =('[1]Evaluation of backbone models'!F9-F9)/'[1]Evaluation of backbone models'!F9 -> 0.0014880909 | AN9: =('[1]Evaluation of backbone models'!G9-G9)/'[1]Evaluation of backbone models'!G9 -> 0.0062023233
A10: 0.1 | B10: {=EXP(INDIRECT("'3-branch model Rjb'!F"&S10)+INDIRECT("'3-branch model Rjb'!G"&S10)*'Evaluation of backbone models'!$B$1+INDIRECT("'3-branch model Rjb'!H"&S10)*(8.5-'Evaluation of backbone models'!$B$1)^2+INDIRECT("'3-branch model Rjb'!I"&S10)*LN(SQRT('Evaluation of backbone models'!$B$2^2+(INDIRECT("'3-branch model Rjb'!L"&S10)*EXP(INDIRECT("'3-branch model Rjb'!M"&S10)*'Evaluation of backbone models'!$B$1))^2))+(INDIRECT("'3-branch model Rjb'!J"&S10)+INDIRECT("'3-branch model Rjb'!K"&S10)*'Evaluation of backbone models'!$B$1)*'Evaluation of backbone models'!$B$2+IF('Evaluation of backbone models'!$B$2<=50,0,IF('Evaluation of backbone models'!$B$2>100,INDIRECT("'3-branch model Rjb'!N"&S10)*LN($B$2/50)+INDIRECT("'3-branch model Rjb'!O"&S10)*LN('Evaluation of backbone models'!$B$2/100),INDIRECT("'3-branch model Rjb'!N"&S10)*LN('Evaluation of backbone models'!$B$2/50))))} -> 0.85951547 | C10: {=EXP(INDIRECT("'3-branch model Rjb'!F"&T10)+INDIRECT("'3-branch model Rjb'!G"&T10)*'Evaluation of backbone models'!$B$1+INDIRECT("'3-branch model Rjb'!H"&T10)*(8.5-'Evaluation of backbone models'!$B$1)^2+INDIRECT("'3-branch model Rjb'!I"&T10)*LN(SQRT('Evaluation of backbone models'!$B$2^2+(INDIRECT("'3-branch model Rjb'!L"&T10)*EXP(INDIRECT("'3-branch model Rjb'!M"&T10)*'Evaluation of backbone models'!$B$1))^2))+(INDIRECT("'3-branch model Rjb'!J"&T10)+INDIRECT("'3-branch model Rjb'!K"&T10)*'Evaluation of backbone models'!$B$1)*'Evaluation of backbone models'!$B$2+IF('Evaluation of backbone models'!$B$2<=50,0,IF('Evaluation of backbone models'!$B$2>100,INDIRECT("'3-branch model Rjb'!N"&T10)*LN($B$2/50)+INDIRECT("'3-branch model Rjb'!O"&T10)*LN('Evaluation of backbone models'!$B$2/100),INDIRECT("'3-branch model Rjb'!N"&T10)*LN('Evaluation of backbone models'!$B$2/50))))} -> 2.5704899 | D10: {=EXP(INDIRECT("'3-branch model Rjb'!F"&U10)+INDIRECT("'3-branch model Rjb'!G"&U10)*'Evaluation of backbone models'!$B$1+INDIRECT("'3-branch model Rjb'!H"&U10)*(8.5-'Evaluation of backbone models'!$B$1)^2+INDIRECT("'3-branch model Rjb'!I"&U10)*LN(SQRT('Evaluation of backbone models'!$B$2^2+(INDIRECT("'3-branch model Rjb'!L"&U10)*EXP(INDIRECT("'3-branch model Rjb'!M"&U10)*'Evaluation of backbone models'!$B$1))^2))+(INDIRECT("'3-branch model Rjb'!J"&U10)+INDIRECT("'3-branch model Rjb'!K"&U10)*'Evaluation of backbone models'!$B$1)*'Evaluation of backbone models'!$B$2+IF('Evaluation of backbone models'!$B$2<=50,0,IF('Evaluation of backbone models'!$B$2>100,INDIRECT("'3-branch model Rjb'!N"&U10)*LN($B$2/50)+INDIRECT("'3-branch model Rjb'!O"&U10)*LN('Evaluation of backbone models'!$B$2/100),INDIRECT("'3-branch model Rjb'!N"&U10)*LN('Evaluation of backbone models'!$B$2/50))))} -> 4.2114027 | E10: {=EXP(INDIRECT("'3-branch model Rjb'!F"&V10)+INDIRECT("'3-branch model Rjb'!G"&V10)*'Evaluation of backbone models'!$B$1+INDIRECT("'3-branch model Rjb'!H"&V10)*(8.5-'Evaluation of backbone models'!$B$1)^2+INDIRECT("'3-branch model Rjb'!I"&V10)*LN(SQRT('Evaluation of backbone models'!$B$2^2+(INDIRECT("'3-branch model Rjb'!L"&V10)*EXP(INDIRECT("'3-branch model Rjb'!M"&V10)*'Evaluation of backbone models'!$B$1))^2))+(INDIRECT("'3-branch model Rjb'!J"&V10)+INDIRECT("'3-branch model Rjb'!K"&V10)*'Evaluation of backbone models'!$B$1)*'Evaluation of backbone models'!$B$2+IF('Evaluation of backbone models'!$B$2<=50,0,IF('Evaluation of backbone models'!$B$2>100,INDIRECT("'3-branch model Rjb'!N"&V10)*LN($B$2/50)+INDIRECT("'3-branch model Rjb'!O"&V10)*LN('Evaluation of backbone models'!$B$2/100),INDIRECT("'3-branch model Rjb'!N"&V10)*LN('Evaluation of backbone models'!$B$2/50))))} -> 0.96093128 | F10: {=EXP(INDIRECT("'3-branch model Rjb'!F"&W10)+INDIRECT("'3-branch model Rjb'!G"&W10)*'Evaluation of backbone models'!$B$1+INDIRECT("'3-branch model Rjb'!H"&W10)*(8.5-'Evaluation of backbone models'!$B$1)^2+INDIRECT("'3-branch model Rjb'!I"&W10)*LN(SQRT('Evaluation of backbone models'!$B$2^2+(INDIRECT("'3-branch model Rjb'!L"&W10)*EXP(INDIRECT("'3-branch model Rjb'!M"&W10)*'Evaluation of backbone models'!$B$1))^2))+(INDIRECT("'3-branch model Rjb'!J"&W10)+INDIRECT("'3-branch model Rjb'!K"&W10)*'Evaluation of backbone models'!$B$1)*'Evaluation of backbone models'!$B$2+IF('Evaluation of backbone models'!$B$2<=50,0,IF('Evaluation of backbone models'!$B$2>100,INDIRECT("'3-branch model Rjb'!N"&W10)*LN($B$2/50)+INDIRECT("'3-branch model Rjb'!O"&W10)*LN('Evaluation of backbone models'!$B$2/100),INDIRECT("'3-branch model Rjb'!N"&W10)*LN('Evaluation of backbone models'!$B$2/50))))} -> 2.5950665 | G10: {=EXP(INDIRECT("'3-branch model Rjb'!F"&X10)+INDIRECT("'3-branch model Rjb'!G"&X10)*'Evaluation of backbone models'!$B$1+INDIRECT("'3-branch model Rjb'!H"&X10)*(8.5-'Evaluation of backbone models'!$B$1)^2+INDIRECT("'3-branch model Rjb'!I"&X10)*LN(SQRT('Evaluation of backbone models'!$B$2^2+(INDIRECT("'3-branch model Rjb'!L"&X10)*EXP(INDIRECT("'3-branch model Rjb'!M"&X10)*'Evaluation of backbone models'!$B$1))^2))+(INDIRECT("'3-branch model Rjb'!J"&X10)+INDIRECT("'3-branch model Rjb'!K"&X10)*'Evaluation of backbone models'!$B$1)*'Evaluation of backbone models'!$B$2+IF('Evaluation of backbone models'!$B$2<=50,0,IF('Evaluation of backbone models'!$B$2>100,INDIRECT("'3-branch model Rjb'!N"&X10)*LN($B$2/50)+INDIRECT("'3-branch model Rjb'!O"&X10)*LN('Evaluation of backbone models'!$B$2/100),INDIRECT("'3-branch model Rjb'!N"&X10)*LN('Evaluation of backbone models'!$B$2/50))))} -> 4.2558446 | H10: {=EXP(INDIRECT("'5-branch model Rjb'!F"&Y10)+INDIRECT("'5-branch model Rjb'!G"&Y10)*'Evaluation of backbone models'!$B$1+INDIRECT("'5-branch model Rjb'!H"&Y10)*(8.5-'Evaluation of backbone models'!$B$1)^2+INDIRECT("'5-branch model Rjb'!I"&Y10)*LN(SQRT('Evaluation of backbone models'!$B$2^2+(INDIRECT("'5-branch model Rjb'!L"&Y10)*EXP(INDIRECT("'5-branch model Rjb'!M"&Y10)*'Evaluation of backbone models'!$B$1))^2))+(INDIRECT("'5-branch model Rjb'!J"&Y10)+INDIRECT("'5-branch model Rjb'!K"&Y10)*'Evaluation of backbone models'!$B$1)*'Evaluation of backbone models'!$B$2+IF('Evaluation of backbone models'!$B$2<=50,0,IF('Evaluation of backbone models'!$B$2>100,INDIRECT("'5-branch model Rjb'!N"&Y10)*LN($B$2/50)+INDIRECT("'5-branch model Rjb'!O"&Y10)*LN('Evaluation of backbone models'!$B$2/100),INDIRECT("'5-branch model Rjb'!N"&Y10)*LN('Evaluation of backbone models'!$B$2/50))))} -> 0.72266796 | I10: {=EXP(INDIRECT("'5-branch model Rjb'!F"&Z10)+INDIRECT("'5-branch model Rjb'!G"&Z10)*'Evaluation of backbone models'!$B$1+INDIRECT("'5-branch model Rjb'!H"&Z10)*(8.5-'Evaluation of backbone models'!$B$1)^2+INDIRECT("'5-branch model Rjb'!I"&Z10)*LN(SQRT('Evaluation of backbone models'!$B$2^2+(INDIRECT("'5-branch model Rjb'!L"&Z10)*EXP(INDIRECT("'5-branch model Rjb'!M"&Z10)*'Evaluation of backbone models'!$B$1))^2))+(INDIRECT("'5-branch model Rjb'!J"&Z10)+INDIRECT("'5-branch model Rjb'!K"&Z10)*'Evaluation of backbone models'!$B$1)*'Evaluation of backbone models'!$B$2+IF('Evaluation of backbone models'!$B$2<=50,0,IF('Evaluation of backbone models'!$B$2>100,INDIRECT("'5-branch model Rjb'!N"&Z10)*LN($B$2/50)+INDIRECT("'5-branch model Rjb'!O"&Z10)*LN('Evaluation of backbone models'!$B$2/100),INDIRECT("'5-branch model Rjb'!N"&Z10)*LN('Evaluation of backbone models'!$B$2/50))))} -> 1.6641807 | J10: {=EXP(INDIRECT("'5-branch model Rjb'!F"&AA10)+INDIRECT("'5-branch model Rjb'!G"&AA10)*'Evaluation of backbone models'!$B$1+INDIRECT("'5-branch model Rjb'!H"&AA10)*(8.5-'Evaluation of backbone models'!$B$1)^2+INDIRECT("'5-branch model Rjb'!I"&AA10)*LN(SQRT('Evaluation of backbone models'!$B$2^2+(INDIRECT("'5-branch model Rjb'!L"&AA10)*EXP(INDIRECT("'5-branch model Rjb'!M"&AA10)*'Evaluation of backbone models'!$B$1))^2))+(INDIRECT("'5-branch model Rjb'!J"&AA10)+INDIRECT("'5-branch model Rjb'!K"&AA10)*'Evaluation of backbone models'!$B$1)*'Evaluation of backbone models'!$B$2+IF('Evaluation of backbone models'!$B$2<=50,0,IF('Evaluation of backbone models'!$B$2>100,INDIRECT("'5-branch model Rjb'!N"&AA10)*LN($B$2/50)+INDIRECT("'5-branch model Rjb'!O"&AA10)*LN('Evaluation of backbone models'!$B$2/100),INDIRECT("'5-branch model Rjb'!N"&AA10)*LN('Evaluation of backbone models'!$B$2/50))))} -> 2.5714649 | K10: {=EXP(INDIRECT("'5-branch model Rjb'!F"&AB10)+INDIRECT("'5-branch model Rjb'!G"&AB10)*'Evaluation of backbone models'!$B$1+INDIRECT("'5-branch model Rjb'!H"&AB10)*(8.5-'Evaluation of backbone models'!$B$1)^2+INDIRECT("'5-branch model Rjb'!I"&AB10)*LN(SQRT('Evaluation of backbone models'!$B$2^2+(INDIRECT("'5-branch model Rjb'!L"&AB10)*EXP(INDIRECT("'5-branch model Rjb'!M"&AB10)*'Evaluation of backbone models'!$B$1))^2))+(INDIRECT("'5-branch model Rjb'!J"&AB10)+INDIRECT("'5-branch model Rjb'!K"&AB10)*'Evaluation of backbone models'!$B$1)*'Evaluation of backbone models'!$B$2+IF('Evaluation of backbone models'!$B$2<=50,0,IF('Evaluation of backbone models'!$B$2>100,INDIRECT("'5-branch model Rjb'!N"&AB10)*LN($B$2/50)+INDIRECT("'5-branch model Rjb'!O"&AB10)*LN('Evaluation of backbone models'!$B$2/100),INDIRECT("'5-branch model Rjb'!N"&AB10)*LN('Evaluation of backbone models'!$B$2/50))))} -> 3.6382884 | L10: {=EXP(INDIRECT("'5-branch model Rjb'!F"&AC10)+INDIRECT("'5-branch model Rjb'!G"&AC10)*'Evaluation of backbone models'!$B$1+INDIRECT("'5-branch model Rjb'!H"&AC10)*(8.5-'Evaluation of backbone models'!$B$1)^2+INDIRECT("'5-branch model Rjb'!I"&AC10)*LN(SQRT('Evaluation of backbone models'!$B$2^2+(INDIRECT("'5-branch model Rjb'!L"&AC10)*EXP(INDIRECT("'5-branch model Rjb'!M"&AC10)*'Evaluation of backbone models'!$B$1))^2))+(INDIRECT("'5-branch model Rjb'!J"&AC10)+INDIRECT("'5-branch model Rjb'!K"&AC10)*'Evaluation of backbone models'!$B$1)*'Evaluation of backbone models'!$B$2+IF('Evaluation of backbone models'!$B$2<=50,0,IF('Evaluation of backbone models'!$B$2>100,INDIRECT("'5-branch model Rjb'!N"&AC10)*LN($B$2/50)+INDIRECT("'5-branch model Rjb'!O"&AC10)*LN('Evaluation of backbone models'!$B$2/100),INDIRECT("'5-branch model Rjb'!N"&AC10)*LN('Evaluation of backbone models'!$B$2/50))))} -> 4.3414858 | M10: {=EXP(INDIRECT("'5-branch model Rjb'!F"&AD10)+INDIRECT("'5-branch model Rjb'!G"&AD10)*'Evaluation of backbone models'!$B$1+INDIRECT("'5-branch model Rjb'!H"&AD10)*(8.5-'Evaluation of backbone models'!$B$1)^2+INDIRECT("'5-branch model Rjb'!I"&AD10)*LN(SQRT('Evaluation of backbone models'!$B$2^2+(INDIRECT("'5-branch model Rjb'!L"&AD10)*EXP(INDIRECT("'5-branch model Rjb'!M"&AD10)*'Evaluation of backbone models'!$B$1))^2))+(INDIRECT("'5-branch model Rjb'!J"&AD10)+INDIRECT("'5-branch model Rjb'!K"&AD10)*'Evaluation of backbone models'!$B$1)*'Evaluation of backbone models'!$B$2+IF('Evaluation of backbone models'!$B$2<=50,0,IF('Evaluation of backbone models'!$B$2>100,INDIRECT("'5-branch model Rjb'!N"&AD10)*LN($B$2/50)+INDIRECT("'5-branch model Rjb'!O"&AD10)*LN('Evaluation of backbone models'!$B$2/100),INDIRECT("'5-branch model Rjb'!N"&AD10)*LN('Evaluation of backbone models'!$B$2/50))))} -> 0.93646101 | N10: {=EXP(INDIRECT("'5-branch model Rjb'!F"&AE10)+INDIRECT("'5-branch model Rjb'!G"&AE10)*'Evaluation of backbone models'!$B$1+INDIRECT("'5-branch model Rjb'!H"&AE10)*(8.5-'Evaluation of backbone models'!$B$1)^2+INDIRECT("'5-branch model Rjb'!I"&AE10)*LN(SQRT('Evaluation of backbone models'!$B$2^2+(INDIRECT("'5-branch model Rjb'!L"&AE10)*EXP(INDIRECT("'5-branch model Rjb'!M"&AE10)*'Evaluation of backbone models'!$B$1))^2))+(INDIRECT("'5-branch model Rjb'!J"&AE10)+INDIRECT("'5-branch model Rjb'!K"&AE10)*'Evaluation of backbone models'!$B$1)*'Evaluation of backbone models'!$B$2+IF('Evaluation of backbone models'!$B$2<=50,0,IF('Evaluation of backbone models'!$B$2>100,INDIRECT("'5-branch model Rjb'!N"&AE10)*LN($B$2/50)+INDIRECT("'5-branch model Rjb'!O"&AE10)*LN('Evaluation of backbone models'!$B$2/100),INDIRECT("'5-branch model Rjb'!N"&AE10)*LN('Evaluation of backbone models'!$B$2/50))))} -> 1.7627595 | O10: {=EXP(INDIRECT("'5-branch model Rjb'!F"&AF10)+INDIRECT("'5-branch model Rjb'!G"&AF10)*'Evaluation of backbone models'!$B$1+INDIRECT("'5-branch model Rjb'!H"&AF10)*(8.5-'Evaluation of backbone models'!$B$1)^2+INDIRECT("'5-branch model Rjb'!I"&AF10)*LN(SQRT('Evaluation of backbone models'!$B$2^2+(INDIRECT("'5-branch model Rjb'!L"&AF10)*EXP(INDIRECT("'5-branch model Rjb'!M"&AF10)*'Evaluation of backbone models'!$B$1))^2))+(INDIRECT("'5-branch model Rjb'!J"&AF10)+INDIRECT("'5-branch model Rjb'!K"&AF10)*'Evaluation of backbone models'!$B$1)*'Evaluation of backbone models'!$B$2+IF('Evaluation of backbone models'!$B$2<=50,0,IF('Evaluation of backbone models'!$B$2>100,INDIRECT("'5-branch model Rjb'!N"&AF10)*LN($B$2/50)+INDIRECT("'5-branch model Rjb'!O"&AF10)*LN('Evaluation of backbone models'!$B$2/100),INDIRECT("'5-branch model Rjb'!N"&AF10)*LN('Evaluation of backbone models'!$B$2/50))))} -> 2.5999725 | ... Q10: {=EXP(INDIRECT("'5-branch model Rjb'!F"&AH10)+INDIRECT("'5-branch model Rjb'!G"&AH10)*'Evaluation of backbone models'!$B$1+INDIRECT("'5-branch model Rjb'!H"&AH10)*(8.5-'Evaluation of backbone models'!$B$1)^2+INDIRECT("'5-branch model Rjb'!I"&AH10)*LN(SQRT('Evaluation of backbone models'!$B$2^2+(INDIRECT("'5-branch model Rjb'!L"&AH10)*EXP(INDIRECT("'5-branch model Rjb'!M"&AH10)*'Evaluation of backbone models'!$B$1))^2))+(INDIRECT("'5-branch model Rjb'!J"&AH10)+INDIRECT("'5-branch model Rjb'!K"&AH10)*'Evaluation of backbone models'!$B$1)*'Evaluation of backbone models'!$B$2+IF('Evaluation of backbone models'!$B$2<=50,0,IF('Evaluation of backbone models'!$B$2>100,INDIRECT("'5-branch model Rjb'!N"&AH10)*LN($B$2/50)+INDIRECT("'5-branch model Rjb'!O"&AH10)*LN('Evaluation of backbone models'!$B$2/100),INDIRECT("'5-branch model Rjb'!N"&AH10)*LN('Evaluation of backbone models'!$B$2/50))))} -> 5.2496436 | S10: 14 | T10: 15 | U10: 16 | V10: =S10+57 -> 71 | W10: =T10+57 -> 72 | X10: =U10+57 -> 73 | Y10: 22 | Z10: 23 | AA10: 24 | AB10: 25 | AC10: 26 | AD10: 117 | AE10: 118 | AF10: 119 | AG10: 120 | AH10: 121 | AI10: =('[1]Evaluation of backbone models'!B10-B10)/'[1]Evaluation of backbone models'!B10 -> -0.0027980207 | AJ10: =('[1]Evaluation of backbone models'!C10-C10)/'[1]Evaluation of backbone models'!C10 -> 0.0077879252 | AK10: =('[1]Evaluation of backbone models'!D10-D10)/'[1]Evaluation of backbone models'!D10 -> 0.19454907 | AL10: =('[1]Evaluation of backbone models'!E10-E10)/'[1]Evaluation of backbone models'!E10 -> 0.0053296602 | AM10: =('[1]Evaluation of backbone models'!F10-F10)/'[1]Evaluation of backbone models'!F10 -> 0.0023187052 | AN10: =('[1]Evaluation of backbone models'!G10-G10)/'[1]Evaluation of backbone models'!G10 -> 0.004481283
A11: 0.15 | B11: {=EXP(INDIRECT("'3-branch model Rjb'!F"&S11)+INDIRECT("'3-branch model Rjb'!G"&S11)*'Evaluation of backbone models'!$B$1+INDIRECT("'3-branch model Rjb'!H"&S11)*(8.5-'Evaluation of backbone models'!$B$1)^2+INDIRECT("'3-branch model Rjb'!I"&S11)*LN(SQRT('Evaluation of backbone models'!$B$2^2+(INDIRECT("'3-branch model Rjb'!L"&S11)*EXP(INDIRECT("'3-branch model Rjb'!M"&S11)*'Evaluation of backbone models'!$B$1))^2))+(INDIRECT("'3-branch model Rjb'!J"&S11)+INDIRECT("'3-branch model Rjb'!K"&S11)*'Evaluation of backbone models'!$B$1)*'Evaluation of backbone models'!$B$2+IF('Evaluation of backbone models'!$B$2<=50,0,IF('Evaluation of backbone models'!$B$2>100,INDIRECT("'3-branch model Rjb'!N"&S11)*LN($B$2/50)+INDIRECT("'3-branch model Rjb'!O"&S11)*LN('Evaluation of backbone models'!$B$2/100),INDIRECT("'3-branch model Rjb'!N"&S11)*LN('Evaluation of backbone models'!$B$2/50))))} -> 0.89938686 | C11: {=EXP(INDIRECT("'3-branch model Rjb'!F"&T11)+INDIRECT("'3-branch model Rjb'!G"&T11)*'Evaluation of backbone models'!$B$1+INDIRECT("'3-branch model Rjb'!H"&T11)*(8.5-'Evaluation of backbone models'!$B$1)^2+INDIRECT("'3-branch model Rjb'!I"&T11)*LN(SQRT('Evaluation of backbone models'!$B$2^2+(INDIRECT("'3-branch model Rjb'!L"&T11)*EXP(INDIRECT("'3-branch model Rjb'!M"&T11)*'Evaluation of backbone models'!$B$1))^2))+(INDIRECT("'3-branch model Rjb'!J"&T11)+INDIRECT("'3-branch model Rjb'!K"&T11)*'Evaluation of backbone models'!$B$1)*'Evaluation of backbone models'!$B$2+IF('Evaluation of backbone models'!$B$2<=50,0,IF('Evaluation of backbone models'!$B$2>100,INDIRECT("'3-branch model Rjb'!N"&T11)*LN($B$2/50)+INDIRECT("'3-branch model Rjb'!O"&T11)*LN('Evaluation of backbone models'!$B$2/100),INDIRECT("'3-branch model Rjb'!N"&T11)*LN('Evaluation of backbone models'!$B$2/50))))} -> 2.6892179 | D11: {=EXP(INDIRECT("'3-branch model Rjb'!F"&U11)+INDIRECT("'3-branch model Rjb'!G"&U11)*'Evaluation of backbone models'!$B$1+INDIRECT("'3-branch model Rjb'!H"&U11)*(8.5-'Evaluation of backbone models'!$B$1)^2+INDIRECT("'3-branch model Rjb'!I"&U11)*LN(SQRT('Evaluation of backbone models'!$B$2^2+(INDIRECT("'3-branch model Rjb'!L"&U11)*EXP(INDIRECT("'3-branch model Rjb'!M"&U11)*'Evaluation of backbone models'!$B$1))^2))+(INDIRECT("'3-branch model Rjb'!J"&U11)+INDIRECT("'3-branch model Rjb'!K"&U11)*'Evaluation of backbone models'!$B$1)*'Evaluation of backbone models'!$B$2+IF('Evaluation of backbone models'!$B$2<=50,0,IF('Evaluation of backbone models'!$B$2>100,INDIRECT("'3-branch model Rjb'!N"&U11)*LN($B$2/50)+INDIRECT("'3-branch model Rjb'!O"&U11)*LN('Evaluation of backbone models'!$B$2/100),INDIRECT("'3-branch model Rjb'!N"&U11)*LN('Evaluation of backbone models'!$B$2/50))))} -> 4.3812733 | E11: {=EXP(INDIRECT("'3-branch model Rjb'!F"&V11)+INDIRECT("'3-branch model Rjb'!G"&V11)*'Evaluation of backbone models'!$B$1+INDIRECT("'3-branch model Rjb'!H"&V11)*(8.5-'Evaluation of backbone models'!$B$1)^2+INDIRECT("'3-branch model Rjb'!I"&V11)*LN(SQRT('Evaluation of backbone models'!$B$2^2+(INDIRECT("'3-branch model Rjb'!L"&V11)*EXP(INDIRECT("'3-branch model Rjb'!M"&V11)*'Evaluation of backbone models'!$B$1))^2))+(INDIRECT("'3-branch model Rjb'!J"&V11)+INDIRECT("'3-branch model Rjb'!K"&V11)*'Evaluation of backbone models'!$B$1)*'Evaluation of backbone models'!$B$2+IF('Evaluation of backbone models'!$B$2<=50,0,IF('Evaluation of backbone models'!$B$2>100,INDIRECT("'3-branch model Rjb'!N"&V11)*LN($B$2/50)+INDIRECT("'3-branch model Rjb'!O"&V11)*LN('Evaluation of backbone models'!$B$2/100),INDIRECT("'3-branch model Rjb'!N"&V11)*LN('Evaluation of backbone models'!$B$2/50))))} -> 0.99481989 | F11: {=EXP(INDIRECT("'3-branch model Rjb'!F"&W11)+INDIRECT("'3-branch model Rjb'!G"&W11)*'Evaluation of backbone models'!$B$1+INDIRECT("'3-branch model Rjb'!H"&W11)*(8.5-'Evaluation of backbone models'!$B$1)^2+INDIRECT("'3-branch model Rjb'!I"&W11)*LN(SQRT('Evaluation of backbone models'!$B$2^2+(INDIRECT("'3-branch model Rjb'!L"&W11)*EXP(INDIRECT("'3-branch model Rjb'!M"&W11)*'Evaluation of backbone models'!$B$1))^2))+(INDIRECT("'3-branch model Rjb'!J"&W11)+INDIRECT("'3-branch model Rjb'!K"&W11)*'Evaluation of backbone models'!$B$1)*'Evaluation of backbone models'!$B$2+IF('Evaluation of backbone models'!$B$2<=50,0,IF('Evaluation of backbone models'!$B$2>100,INDIRECT("'3-branch model Rjb'!N"&W11)*LN($B$2/50)+INDIRECT("'3-branch model Rjb'!O"&W11)*LN('Evaluation of backbone models'!$B$2/100),INDIRECT("'3-branch model Rjb'!N"&W11)*LN('Evaluation of backbone models'!$B$2/50))))} -> 2.7274837 | G11: {=EXP(INDIRECT("'3-branch model Rjb'!F"&X11)+INDIRECT("'3-branch model Rjb'!G"&X11)*'Evaluation of backbone models'!$B$1+INDIRECT("'3-branch model Rjb'!H"&X11)*(8.5-'Evaluation of backbone models'!$B$1)^2+INDIRECT("'3-branch model Rjb'!I"&X11)*LN(SQRT('Evaluation of backbone models'!$B$2^2+(INDIRECT("'3-branch model Rjb'!L"&X11)*EXP(INDIRECT("'3-branch model Rjb'!M"&X11)*'Evaluation of backbone models'!$B$1))^2))+(INDIRECT("'3-branch model Rjb'!J"&X11)+INDIRECT("'3-branch model Rjb'!K"&X11)*'Evaluation of backbone models'!$B$1)*'Evaluation of backbone models'!$B$2+IF('Evaluation of backbone models'!$B$2<=50,0,IF('Evaluation of backbone models'!$B$2>100,INDIRECT("'3-branch model Rjb'!N"&X11)*LN($B$2/50)+INDIRECT("'3-branch model Rjb'!O"&X11)*LN('Evaluation of backbone models'!$B$2/100),INDIRECT("'3-branch model Rjb'!N"&X11)*LN('Evaluation of backbone models'!$B$2/50))))} -> 4.4258067 | H11: {=EXP(INDIRECT("'5-branch model Rjb'!F"&Y11)+INDIRECT("'5-branch model Rjb'!G"&Y11)*'Evaluation of backbone models'!$B$1+INDIRECT("'5-branch model Rjb'!H"&Y11)*(8.5-'Evaluation of backbone models'!$B$1)^2+INDIRECT("'5-branch model Rjb'!I"&Y11)*LN(SQRT('Evaluation of backbone models'!$B$2^2+(INDIRECT("'5-branch model Rjb'!L"&Y11)*EXP(INDIRECT("'5-branch model Rjb'!M"&Y11)*'Evaluation of backbone models'!$B$1))^2))+(INDIRECT("'5-branch model Rjb'!J"&Y11)+INDIRECT("'5-branch model Rjb'!K"&Y11)*'Evaluation of backbone models'!$B$1)*'Evaluation of backbone models'!$B$2+IF('Evaluation of backbone models'!$B$2<=50,0,IF('Evaluation of backbone models'!$B$2>100,INDIRECT("'5-branch model Rjb'!N"&Y11)*LN($B$2/50)+INDIRECT("'5-branch model Rjb'!O"&Y11)*LN('Evaluation of backbone models'!$B$2/100),INDIRECT("'5-branch model Rjb'!N"&Y11)*LN('Evaluation of backbone models'!$B$2/50))))} -> 0.80533204 | I11: {=EXP(INDIRECT("'5-branch model Rjb'!F"&Z11)+INDIRECT("'5-branch model Rjb'!G"&Z11)*'Evaluation of backbone models'!$B$1+INDIRECT("'5-branch model Rjb'!H"&Z11)*(8.5-'Evaluation of backbone models'!$B$1)^2+INDIRECT("'5-branch model Rjb'!I"&Z11)*LN(SQRT('Evaluation of backbone models'!$B$2^2+(INDIRECT("'5-branch model Rjb'!L"&Z11)*EXP(INDIRECT("'5-branch model Rjb'!M"&Z11)*'Evaluation of backbone models'!$B$1))^2))+(INDIRECT("'5-branch model Rjb'!J"&Z11)+INDIRECT("'5-branch model Rjb'!K"&Z11)*'Evaluation of backbone models'!$B$1)*'Evaluation of backbone models'!$B$2+IF('Evaluation of backbone models'!$B$2<=50,0,IF('Evaluation of backbone models'!$B$2>100,INDIRECT("'5-branch model Rjb'!N"&Z11)*LN($B$2/50)+INDIRECT("'5-branch model Rjb'!O"&Z11)*LN('Evaluation of backbone models'!$B$2/100),INDIRECT("'5-branch model Rjb'!N"&Z11)*LN('Evaluation of backbone models'!$B$2/50))))} -> 1.9502486 | J11: {=EXP(INDIRECT("'5-branch model Rjb'!F"&AA11)+INDIRECT("'5-branch model Rjb'!G"&AA11)*'Evaluation of backbone models'!$B$1+INDIRECT("'5-branch model Rjb'!H"&AA11)*(8.5-'Evaluation of backbone models'!$B$1)^2+INDIRECT("'5-branch model Rjb'!I"&AA11)*LN(SQRT('Evaluation of backbone models'!$B$2^2+(INDIRECT("'5-branch model Rjb'!L"&AA11)*EXP(INDIRECT("'5-branch model Rjb'!M"&AA11)*'Evaluation of backbone models'!$B$1))^2))+(INDIRECT("'5-branch model Rjb'!J"&AA11)+INDIRECT("'5-branch model Rjb'!K"&AA11)*'Evaluation of backbone models'!$B$1)*'Evaluation of backbone models'!$B$2+IF('Evaluation of backbone models'!$B$2<=50,0,IF('Evaluation of backbone models'!$B$2>100,INDIRECT("'5-branch model Rjb'!N"&AA11)*LN($B$2/50)+INDIRECT("'5-branch model Rjb'!O"&AA11)*LN('Evaluation of backbone models'!$B$2/100),INDIRECT("'5-branch model Rjb'!N"&AA11)*LN('Evaluation of backbone models'!$B$2/50))))} -> 2.6887591 | K11: {=EXP(INDIRECT("'5-branch model Rjb'!F"&AB11)+INDIRECT("'5-branch model Rjb'!G"&AB11)*'Evaluation of backbone models'!$B$1+INDIRECT("'5-branch model Rjb'!H"&AB11)*(8.5-'Evaluation of backbone models'!$B$1)^2+INDIRECT("'5-branch model Rjb'!I"&AB11)*LN(SQRT('Evaluation of backbone models'!$B$2^2+(INDIRECT("'5-branch model Rjb'!L"&AB11)*EXP(INDIRECT("'5-branch model Rjb'!M"&AB11)*'Evaluation of backbone models'!$B$1))^2))+(INDIRECT("'5-branch model Rjb'!J"&AB11)+INDIRECT("'5-branch model Rjb'!K"&AB11)*'Evaluation of backbone models'!$B$1)*'Evaluation of backbone models'!$B$2+IF('Evaluation of backbone models'!$B$2<=50,0,IF('Evaluation of backbone models'!$B$2>100,INDIRECT("'5-branch model Rjb'!N"&AB11)*LN($B$2/50)+INDIRECT("'5-branch model Rjb'!O"&AB11)*LN('Evaluation of backbone models'!$B$2/100),INDIRECT("'5-branch model Rjb'!N"&AB11)*LN('Evaluation of backbone models'!$B$2/50))))} -> 3.4717486 | L11: {=EXP(INDIRECT("'5-branch model Rjb'!F"&AC11)+INDIRECT("'5-branch model Rjb'!G"&AC11)*'Evaluation of backbone models'!$B$1+INDIRECT("'5-branch model Rjb'!H"&AC11)*(8.5-'Evaluation of backbone models'!$B$1)^2+INDIRECT("'5-branch model Rjb'!I"&AC11)*LN(SQRT('Evaluation of backbone models'!$B$2^2+(INDIRECT("'5-branch model Rjb'!L"&AC11)*EXP(INDIRECT("'5-branch model Rjb'!M"&AC11)*'Evaluation of backbone models'!$B$1))^2))+(INDIRECT("'5-branch model Rjb'!J"&AC11)+INDIRECT("'5-branch model Rjb'!K"&AC11)*'Evaluation of backbone models'!$B$1)*'Evaluation of backbone models'!$B$2+IF('Evaluation of backbone models'!$B$2<=50,0,IF('Evaluation of backbone models'!$B$2>100,INDIRECT("'5-branch model Rjb'!N"&AC11)*LN($B$2/50)+INDIRECT("'5-branch model Rjb'!O"&AC11)*LN('Evaluation of backbone models'!$B$2/100),INDIRECT("'5-branch model Rjb'!N"&AC11)*LN('Evaluation of backbone models'!$B$2/50))))} -> 4.4409159 | M11: {=EXP(INDIRECT("'5-branch model Rjb'!F"&AD11)+INDIRECT("'5-branch model Rjb'!G"&AD11)*'Evaluation of backbone models'!$B$1+INDIRECT("'5-branch model Rjb'!H"&AD11)*(8.5-'Evaluation of backbone models'!$B$1)^2+INDIRECT("'5-branch model Rjb'!I"&AD11)*LN(SQRT('Evaluation of backbone models'!$B$2^2+(INDIRECT("'5-branch model Rjb'!L"&AD11)*EXP(INDIRECT("'5-branch model Rjb'!M"&AD11)*'Evaluation of backbone models'!$B$1))^2))+(INDIRECT("'5-branch model Rjb'!J"&AD11)+INDIRECT("'5-branch model Rjb'!K"&AD11)*'Evaluation of backbone models'!$B$1)*'Evaluation of backbone models'!$B$2+IF('Evaluation of backbone models'!$B$2<=50,0,IF('Evaluation of backbone models'!$B$2>100,INDIRECT("'5-branch model Rjb'!N"&AD11)*LN($B$2/50)+INDIRECT("'5-branch model Rjb'!O"&AD11)*LN('Evaluation of backbone models'!$B$2/100),INDIRECT("'5-branch model Rjb'!N"&AD11)*LN('Evaluation of backbone models'!$B$2/50))))} -> 0.97411373 | N11: {=EXP(INDIRECT("'5-branch model Rjb'!F"&AE11)+INDIRECT("'5-branch model Rjb'!G"&AE11)*'Evaluation of backbone models'!$B$1+INDIRECT("'5-branch model Rjb'!H"&AE11)*(8.5-'Evaluation of backbone models'!$B$1)^2+INDIRECT("'5-branch model Rjb'!I"&AE11)*LN(SQRT('Evaluation of backbone models'!$B$2^2+(INDIRECT("'5-branch model Rjb'!L"&AE11)*EXP(INDIRECT("'5-branch model Rjb'!M"&AE11)*'Evaluation of backbone models'!$B$1))^2))+(INDIRECT("'5-branch model Rjb'!J"&AE11)+INDIRECT("'5-branch model Rjb'!K"&AE11)*'Evaluation of backbone models'!$B$1)*'Evaluation of backbone models'!$B$2+IF('Evaluation of backbone models'!$B$2<=50,0,IF('Evaluation of backbone models'!$B$2>100,INDIRECT("'5-branch model Rjb'!N"&AE11)*LN($B$2/50)+INDIRECT("'5-branch model Rjb'!O"&AE11)*LN('Evaluation of backbone models'!$B$2/100),INDIRECT("'5-branch model Rjb'!N"&AE11)*LN('Evaluation of backbone models'!$B$2/50))))} -> 2.0620882 | O11: {=EXP(INDIRECT("'5-branch model Rjb'!F"&AF11)+INDIRECT("'5-branch model Rjb'!G"&AF11)*'Evaluation of backbone models'!$B$1+INDIRECT("'5-branch model Rjb'!H"&AF11)*(8.5-'Evaluation of backbone models'!$B$1)^2+INDIRECT("'5-branch model Rjb'!I"&AF11)*LN(SQRT('Evaluation of backbone models'!$B$2^2+(INDIRECT("'5-branch model Rjb'!L"&AF11)*EXP(INDIRECT("'5-branch model Rjb'!M"&AF11)*'Evaluation of backbone models'!$B$1))^2))+(INDIRECT("'5-branch model Rjb'!J"&AF11)+INDIRECT("'5-branch model Rjb'!K"&AF11)*'Evaluation of backbone models'!$B$1)*'Evaluation of backbone models'!$B$2+IF('Evaluation of backbone models'!$B$2<=50,0,IF('Evaluation of backbone models'!$B$2>100,INDIRECT("'5-branch model Rjb'!N"&AF11)*LN($B$2/50)+INDIRECT("'5-branch model Rjb'!O"&AF11)*LN('Evaluation of backbone models'!$B$2/100),INDIRECT("'5-branch model Rjb'!N"&AF11)*LN('Evaluation of backbone models'!$B$2/50))))} -> 2.7337122 | ... Q11: {=EXP(INDIRECT("'5-branch model Rjb'!F"&AH11)+INDIRECT("'5-branch model Rjb'!G"&AH11)*'Evaluation of backbone models'!$B$1+INDIRECT("'5-branch model Rjb'!H"&AH11)*(8.5-'Evaluation of backbone models'!$B$1)^2+INDIRECT("'5-branch model Rjb'!I"&AH11)*LN(SQRT('Evaluation of backbone models'!$B$2^2+(INDIRECT("'5-branch model Rjb'!L"&AH11)*EXP(INDIRECT("'5-branch model Rjb'!M"&AH11)*'Evaluation of backbone models'!$B$1))^2))+(INDIRECT("'5-branch model Rjb'!J"&AH11)+INDIRECT("'5-branch model Rjb'!K"&AH11)*'Evaluation of backbone models'!$B$1)*'Evaluation of backbone models'!$B$2+IF('Evaluation of backbone models'!$B$2<=50,0,IF('Evaluation of backbone models'!$B$2>100,INDIRECT("'5-branch model Rjb'!N"&AH11)*LN($B$2/50)+INDIRECT("'5-branch model Rjb'!O"&AH11)*LN('Evaluation of backbone models'!$B$2/100),INDIRECT("'5-branch model Rjb'!N"&AH11)*LN('Evaluation of backbone models'!$B$2/50))))} -> 5.0310506 | S11: 17 | T11: 18 | U11: 19 | V11: =S11+57 -> 74 | W11: =T11+57 -> 75 | X11: =U11+57 -> 76 | Y11: 27 | Z11: 28 | AA11: 29 | AB11: 30 | AC11: 31 | AD11: 122 | AE11: 123 | AF11: 124 | AG11: 125 | AH11: 126 | AI11: =('[1]Evaluation of backbone models'!B11-B11)/'[1]Evaluation of backbone models'!B11 -> -0.0027625376 | AJ11: =('[1]Evaluation of backbone models'!C11-C11)/'[1]Evaluation of backbone models'!C11 -> 0.013069513 | AK11: =('[1]Evaluation of backbone models'!D11-D11)/'[1]Evaluation of backbone models'!D11 -> 0.12536114 | AL11: =('[1]Evaluation of backbone models'!E11-E11)/'[1]Evaluation of backbone models'!E11 -> 0.006524603 | AM11: =('[1]Evaluation of backbone models'!F11-F11)/'[1]Evaluation of backbone models'!F11 -> 0.0005095257 | AN11: =('[1]Evaluation of backbone models'!G11-G11)/'[1]Evaluation of backbone models'!G11 -> 0.00069856468
A12: 0.2 | B12: {=EXP(INDIRECT("'3-branch model Rjb'!F"&S12)+INDIRECT("'3-branch model Rjb'!G"&S12)*'Evaluation of backbone models'!$B$1+INDIRECT("'3-branch model Rjb'!H"&S12)*(8.5-'Evaluation of backbone models'!$B$1)^2+INDIRECT("'3-branch model Rjb'!I"&S12)*LN(SQRT('Evaluation of backbone models'!$B$2^2+(INDIRECT("'3-branch model Rjb'!L"&S12)*EXP(INDIRECT("'3-branch model Rjb'!M"&S12)*'Evaluation of backbone models'!$B$1))^2))+(INDIRECT("'3-branch model Rjb'!J"&S12)+INDIRECT("'3-branch model Rjb'!K"&S12)*'Evaluation of backbone models'!$B$1)*'Evaluation of backbone models'!$B$2+IF('Evaluation of backbone models'!$B$2<=50,0,IF('Evaluation of backbone models'!$B$2>100,INDIRECT("'3-branch model Rjb'!N"&S12)*LN($B$2/50)+INDIRECT("'3-branch model Rjb'!O"&S12)*LN('Evaluation of backbone models'!$B$2/100),INDIRECT("'3-branch model Rjb'!N"&S12)*LN('Evaluation of backbone models'!$B$2/50))))} -> 0.88520083 | C12: {=EXP(INDIRECT("'3-branch model Rjb'!F"&T12)+INDIRECT("'3-branch model Rjb'!G"&T12)*'Evaluation of backbone models'!$B$1+INDIRECT("'3-branch model Rjb'!H"&T12)*(8.5-'Evaluation of backbone models'!$B$1)^2+INDIRECT("'3-branch model Rjb'!I"&T12)*LN(SQRT('Evaluation of backbone models'!$B$2^2+(INDIRECT("'3-branch model Rjb'!L"&T12)*EXP(INDIRECT("'3-branch model Rjb'!M"&T12)*'Evaluation of backbone models'!$B$1))^2))+(INDIRECT("'3-branch model Rjb'!J"&T12)+INDIRECT("'3-branch model Rjb'!K"&T12)*'Evaluation of backbone models'!$B$1)*'Evaluation of backbone models'!$B$2+IF('Evaluation of backbone models'!$B$2<=50,0,IF('Evaluation of backbone models'!$B$2>100,INDIRECT("'3-branch model Rjb'!N"&T12)*LN($B$2/50)+INDIRECT("'3-branch model Rjb'!O"&T12)*LN('Evaluation of backbone models'!$B$2/100),INDIRECT("'3-branch model Rjb'!N"&T12)*LN('Evaluation of backbone models'!$B$2/50))))} -> 2.6316152 | D12: {=EXP(INDIRECT("'3-branch model Rjb'!F"&U12)+INDIRECT("'3-branch model Rjb'!G"&U12)*'Evaluation of backbone models'!$B$1+INDIRECT("'3-branch model Rjb'!H"&U12)*(8.5-'Evaluation of backbone models'!$B$1)^2+INDIRECT("'3-branch model Rjb'!I"&U12)*LN(SQRT('Evaluation of backbone models'!$B$2^2+(INDIRECT("'3-branch model Rjb'!L"&U12)*EXP(INDIRECT("'3-branch model Rjb'!M"&U12)*'Evaluation of backbone models'!$B$1))^2))+(INDIRECT("'3-branch model Rjb'!J"&U12)+INDIRECT("'3-branch model Rjb'!K"&U12)*'Evaluation of backbone models'!$B$1)*'Evaluation of backbone models'!$B$2+IF('Evaluation of backbone models'!$B$2<=50,0,IF('Evaluation of backbone models'!$B$2>100,INDIRECT("'3-branch model Rjb'!N"&U12)*LN($B$2/50)+INDIRECT("'3-branch model Rjb'!O"&U12)*LN('Evaluation of backbone models'!$B$2/100),INDIRECT("'3-branch model Rjb'!N"&U12)*LN('Evaluation of backbone models'!$B$2/50))))} -> 4.2615873 | E12: {=EXP(INDIRECT("'3-branch model Rjb'!F"&V12)+INDIRECT("'3-branch model Rjb'!G"&V12)*'Evaluation of backbone models'!$B$1+INDIRECT("'3-branch model Rjb'!H"&V12)*(8.5-'Evaluation of backbone models'!$B$1)^2+INDIRECT("'3-branch model Rjb'!I"&V12)*LN(SQRT('Evaluation of backbone models'!$B$2^2+(INDIRECT("'3-branch model Rjb'!L"&V12)*EXP(INDIRECT("'3-branch model Rjb'!M"&V12)*'Evaluation of backbone models'!$B$1))^2))+(INDIRECT("'3-branch model Rjb'!J"&V12)+INDIRECT("'3-branch model Rjb'!K"&V12)*'Evaluation of backbone models'!$B$1)*'Evaluation of backbone models'!$B$2+IF('Evaluation of backbone models'!$B$2<=50,0,IF('Evaluation of backbone models'!$B$2>100,INDIRECT("'3-branch model Rjb'!N"&V12)*LN($B$2/50)+INDIRECT("'3-branch model Rjb'!O"&V12)*LN('Evaluation of backbone models'!$B$2/100),INDIRECT("'3-branch model Rjb'!N"&V12)*LN('Evaluation of backbone models'!$B$2/50))))} -> 0.97805818 | F12: {=EXP(INDIRECT("'3-branch model Rjb'!F"&W12)+INDIRECT("'3-branch model Rjb'!G"&W12)*'Evaluation of backbone models'!$B$1+INDIRECT("'3-branch model Rjb'!H"&W12)*(8.5-'Evaluation of backbone models'!$B$1)^2+INDIRECT("'3-branch model Rjb'!I"&W12)*LN(SQRT('Evaluation of backbone models'!$B$2^2+(INDIRECT("'3-branch model Rjb'!L"&W12)*EXP(INDIRECT("'3-branch model Rjb'!M"&W12)*'Evaluation of backbone models'!$B$1))^2))+(INDIRECT("'3-branch model Rjb'!J"&W12)+INDIRECT("'3-branch model Rjb'!K"&W12)*'Evaluation of backbone models'!$B$1)*'Evaluation of backbone models'!$B$2+IF('Evaluation of backbone models'!$B$2<=50,0,IF('Evaluation of backbone models'!$B$2>100,INDIRECT("'3-branch model Rjb'!N"&W12)*LN($B$2/50)+INDIRECT("'3-branch model Rjb'!O"&W12)*LN('Evaluation of backbone models'!$B$2/100),INDIRECT("'3-branch model Rjb'!N"&W12)*LN('Evaluation of backbone models'!$B$2/50))))} -> 2.6810904 | G12: {=EXP(INDIRECT("'3-branch model Rjb'!F"&X12)+INDIRECT("'3-branch model Rjb'!G"&X12)*'Evaluation of backbone models'!$B$1+INDIRECT("'3-branch model Rjb'!H"&X12)*(8.5-'Evaluation of backbone models'!$B$1)^2+INDIRECT("'3-branch model Rjb'!I"&X12)*LN(SQRT('Evaluation of backbone models'!$B$2^2+(INDIRECT("'3-branch model Rjb'!L"&X12)*EXP(INDIRECT("'3-branch model Rjb'!M"&X12)*'Evaluation of backbone models'!$B$1))^2))+(INDIRECT("'3-branch model Rjb'!J"&X12)+INDIRECT("'3-branch model Rjb'!K"&X12)*'Evaluation of backbone models'!$B$1)*'Evaluation of backbone models'!$B$2+IF('Evaluation of backbone models'!$B$2<=50,0,IF('Evaluation of backbone models'!$B$2>100,INDIRECT("'3-branch model Rjb'!N"&X12)*LN($B$2/50)+INDIRECT("'3-branch model Rjb'!O"&X12)*LN('Evaluation of backbone models'!$B$2/100),INDIRECT("'3-branch model Rjb'!N"&X12)*LN('Evaluation of backbone models'!$B$2/50))))} -> 4.2905369 | H12: {=EXP(INDIRECT("'5-branch model Rjb'!F"&Y12)+INDIRECT("'5-branch model Rjb'!G"&Y12)*'Evaluation of backbone models'!$B$1+INDIRECT("'5-branch model Rjb'!H"&Y12)*(8.5-'Evaluation of backbone models'!$B$1)^2+INDIRECT("'5-branch model Rjb'!I"&Y12)*LN(SQRT('Evaluation of backbone models'!$B$2^2+(INDIRECT("'5-branch model Rjb'!L"&Y12)*EXP(INDIRECT("'5-branch model Rjb'!M"&Y12)*'Evaluation of backbone models'!$B$1))^2))+(INDIRECT("'5-branch model Rjb'!J"&Y12)+INDIRECT("'5-branch model Rjb'!K"&Y12)*'Evaluation of backbone models'!$B$1)*'Evaluation of backbone models'!$B$2+IF('Evaluation of backbone models'!$B$2<=50,0,IF('Evaluation of backbone models'!$B$2>100,INDIRECT("'5-branch model Rjb'!N"&Y12)*LN($B$2/50)+INDIRECT("'5-branch model Rjb'!O"&Y12)*LN('Evaluation of backbone models'!$B$2/100),INDIRECT("'5-branch model Rjb'!N"&Y12)*LN('Evaluation of backbone models'!$B$2/50))))} -> 0.81834946 | I12: {=EXP(INDIRECT("'5-branch model Rjb'!F"&Z12)+INDIRECT("'5-branch model Rjb'!G"&Z12)*'Evaluation of backbone models'!$B$1+INDIRECT("'5-branch model Rjb'!H"&Z12)*(8.5-'Evaluation of backbone models'!$B$1)^2+INDIRECT("'5-branch model Rjb'!I"&Z12)*LN(SQRT('Evaluation of backbone models'!$B$2^2+(INDIRECT("'5-branch model Rjb'!L"&Z12)*EXP(INDIRECT("'5-branch model Rjb'!M"&Z12)*'Evaluation of backbone models'!$B$1))^2))+(INDIRECT("'5-branch model Rjb'!J"&Z12)+INDIRECT("'5-branch model Rjb'!K"&Z12)*'Evaluation of backbone models'!$B$1)*'Evaluation of backbone models'!$B$2+IF('Evaluation of backbone models'!$B$2<=50,0,IF('Evaluation of backbone models'!$B$2>100,INDIRECT("'5-branch model Rjb'!N"&Z12)*LN($B$2/50)+INDIRECT("'5-branch model Rjb'!O"&Z12)*LN('Evaluation of backbone models'!$B$2/100),INDIRECT("'5-branch model Rjb'!N"&Z12)*LN('Evaluation of backbone models'!$B$2/50))))} -> 2.0418989 | J12: {=EXP(INDIRECT("'5-branch model Rjb'!F"&AA12)+INDIRECT("'5-branch model Rjb'!G"&AA12)*'Evaluation of backbone models'!$B$1+INDIRECT("'5-branch model Rjb'!H"&AA12)*(8.5-'Evaluation of backbone models'!$B$1)^2+INDIRECT("'5-branch model Rjb'!I"&AA12)*LN(SQRT('Evaluation of backbone models'!$B$2^2+(INDIRECT("'5-branch model Rjb'!L"&AA12)*EXP(INDIRECT("'5-branch model Rjb'!M"&AA12)*'Evaluation of backbone models'!$B$1))^2))+(INDIRECT("'5-branch model Rjb'!J"&AA12)+INDIRECT("'5-branch model Rjb'!K"&AA12)*'Evaluation of backbone models'!$B$1)*'Evaluation of backbone models'!$B$2+IF('Evaluation of backbone models'!$B$2<=50,0,IF('Evaluation of backbone models'!$B$2>100,INDIRECT("'5-branch model Rjb'!N"&AA12)*LN($B$2/50)+INDIRECT("'5-branch model Rjb'!O"&AA12)*LN('Evaluation of backbone models'!$B$2/100),INDIRECT("'5-branch model Rjb'!N"&AA12)*LN('Evaluation of backbone models'!$B$2/50))))} -> 2.6315258 | K12: {=EXP(INDIRECT("'5-branch model Rjb'!F"&AB12)+INDIRECT("'5-branch model Rjb'!G"&AB12)*'Evaluation of backbone models'!$B$1+INDIRECT("'5-branch model Rjb'!H"&AB12)*(8.5-'Evaluation of backbone models'!$B$1)^2+INDIRECT("'5-branch model Rjb'!I"&AB12)*LN(SQRT('Evaluation of backbone models'!$B$2^2+(INDIRECT("'5-branch model Rjb'!L"&AB12)*EXP(INDIRECT("'5-branch model Rjb'!M"&AB12)*'Evaluation of backbone models'!$B$1))^2))+(INDIRECT("'5-branch model Rjb'!J"&AB12)+INDIRECT("'5-branch model Rjb'!K"&AB12)*'Evaluation of backbone models'!$B$1)*'Evaluation of backbone models'!$B$2+IF('Evaluation of backbone models'!$B$2<=50,0,IF('Evaluation of backbone models'!$B$2>100,INDIRECT("'5-branch model Rjb'!N"&AB12)*LN($B$2/50)+INDIRECT("'5-branch model Rjb'!O"&AB12)*LN('Evaluation of backbone models'!$B$2/100),INDIRECT("'5-branch model Rjb'!N"&AB12)*LN('Evaluation of backbone models'!$B$2/50))))} -> 3.2414924 | L12: {=EXP(INDIRECT("'5-branch model Rjb'!F"&AC12)+INDIRECT("'5-branch model Rjb'!G"&AC12)*'Evaluation of backbone models'!$B$1+INDIRECT("'5-branch model Rjb'!H"&AC12)*(8.5-'Evaluation of backbone models'!$B$1)^2+INDIRECT("'5-branch model Rjb'!I"&AC12)*LN(SQRT('Evaluation of backbone models'!$B$2^2+(INDIRECT("'5-branch model Rjb'!L"&AC12)*EXP(INDIRECT("'5-branch model Rjb'!M"&AC12)*'Evaluation of backbone models'!$B$1))^2))+(INDIRECT("'5-branch model Rjb'!J"&AC12)+INDIRECT("'5-branch model Rjb'!K"&AC12)*'Evaluation of backbone models'!$B$1)*'Evaluation of backbone models'!$B$2+IF('Evaluation of backbone models'!$B$2<=50,0,IF('Evaluation of backbone models'!$B$2>100,INDIRECT("'5-branch model Rjb'!N"&AC12)*LN($B$2/50)+INDIRECT("'5-branch model Rjb'!O"&AC12)*LN('Evaluation of backbone models'!$B$2/100),INDIRECT("'5-branch model Rjb'!N"&AC12)*LN('Evaluation of backbone models'!$B$2/50))))} -> 4.3089747 | M12: {=EXP(INDIRECT("'5-branch model Rjb'!F"&AD12)+INDIRECT("'5-branch model Rjb'!G"&AD12)*'Evaluation of backbone models'!$B$1+INDIRECT("'5-branch model Rjb'!H"&AD12)*(8.5-'Evaluation of backbone models'!$B$1)^2+INDIRECT("'5-branch model Rjb'!I"&AD12)*LN(SQRT('Evaluation of backbone models'!$B$2^2+(INDIRECT("'5-branch model Rjb'!L"&AD12)*EXP(INDIRECT("'5-branch model Rjb'!M"&AD12)*'Evaluation of backbone models'!$B$1))^2))+(INDIRECT("'5-branch model Rjb'!J"&AD12)+INDIRECT("'5-branch model Rjb'!K"&AD12)*'Evaluation of backbone models'!$B$1)*'Evaluation of backbone models'!$B$2+IF('Evaluation of backbone models'!$B$2<=50,0,IF('Evaluation of backbone models'!$B$2>100,INDIRECT("'5-branch model Rjb'!N"&AD12)*LN($B$2/50)+INDIRECT("'5-branch model Rjb'!O"&AD12)*LN('Evaluation of backbone models'!$B$2/100),INDIRECT("'5-branch model Rjb'!N"&AD12)*LN('Evaluation of backbone models'!$B$2/50))))} -> 0.96028731 | N12: {=EXP(INDIRECT("'5-branch model Rjb'!F"&AE12)+INDIRECT("'5-branch model Rjb'!G"&AE12)*'Evaluation of backbone models'!$B$1+INDIRECT("'5-branch model Rjb'!H"&AE12)*(8.5-'Evaluation of backbone models'!$B$1)^2+INDIRECT("'5-branch model Rjb'!I"&AE12)*LN(SQRT('Evaluation of backbone models'!$B$2^2+(INDIRECT("'5-branch model Rjb'!L"&AE12)*EXP(INDIRECT("'5-branch model Rjb'!M"&AE12)*'Evaluation of backbone models'!$B$1))^2))+(INDIRECT("'5-branch model Rjb'!J"&AE12)+INDIRECT("'5-branch model Rjb'!K"&AE12)*'Evaluation of backbone models'!$B$1)*'Evaluation of backbone models'!$B$2+IF('Evaluation of backbone models'!$B$2<=50,0,IF('Evaluation of backbone models'!$B$2>100,INDIRECT("'5-branch model Rjb'!N"&AE12)*LN($B$2/50)+INDIRECT("'5-branch model Rjb'!O"&AE12)*LN('Evaluation of backbone models'!$B$2/100),INDIRECT("'5-branch model Rjb'!N"&AE12)*LN('Evaluation of backbone models'!$B$2/50))))} -> 2.1467602 | O12: {=EXP(INDIRECT("'5-branch model Rjb'!F"&AF12)+INDIRECT("'5-branch model Rjb'!G"&AF12)*'Evaluation of backbone models'!$B$1+INDIRECT("'5-branch model Rjb'!H"&AF12)*(8.5-'Evaluation of backbone models'!$B$1)^2+INDIRECT("'5-branch model Rjb'!I"&AF12)*LN(SQRT('Evaluation of backbone models'!$B$2^2+(INDIRECT("'5-branch model Rjb'!L"&AF12)*EXP(INDIRECT("'5-branch model Rjb'!M"&AF12)*'Evaluation of backbone models'!$B$1))^2))+(INDIRECT("'5-branch model Rjb'!J"&AF12)+INDIRECT("'5-branch model Rjb'!K"&AF12)*'Evaluation of backbone models'!$B$1)*'Evaluation of backbone models'!$B$2+IF('Evaluation of backbone models'!$B$2<=50,0,IF('Evaluation of backbone models'!$B$2>100,INDIRECT("'5-branch model Rjb'!N"&AF12)*LN($B$2/50)+INDIRECT("'5-branch model Rjb'!O"&AF12)*LN('Evaluation of backbone models'!$B$2/100),INDIRECT("'5-branch model Rjb'!N"&AF12)*LN('Evaluation of backbone models'!$B$2/50))))} -> 2.6859493 | ... Q12: {=EXP(INDIRECT("'5-branch model Rjb'!F"&AH12)+INDIRECT("'5-branch model Rjb'!G"&AH12)*'Evaluation of backbone models'!$B$1+INDIRECT("'5-branch model Rjb'!H"&AH12)*(8.5-'Evaluation of backbone models'!$B$1)^2+INDIRECT("'5-branch model Rjb'!I"&AH12)*LN(SQRT('Evaluation of backbone models'!$B$2^2+(INDIRECT("'5-branch model Rjb'!L"&AH12)*EXP(INDIRECT("'5-branch model Rjb'!M"&AH12)*'Evaluation of backbone models'!$B$1))^2))+(INDIRECT("'5-branch model Rjb'!J"&AH12)+INDIRECT("'5-branch model Rjb'!K"&AH12)*'Evaluation of backbone models'!$B$1)*'Evaluation of backbone models'!$B$2+IF('Evaluation of backbone models'!$B$2<=50,0,IF('Evaluation of backbone models'!$B$2>100,INDIRECT("'5-branch model Rjb'!N"&AH12)*LN($B$2/50)+INDIRECT("'5-branch model Rjb'!O"&AH12)*LN('Evaluation of backbone models'!$B$2/100),INDIRECT("'5-branch model Rjb'!N"&AH12)*LN('Evaluation of backbone models'!$B$2/50))))} -> 4.6792194 | S12: 20 | T12: 21 | U12: 22 | V12: =S12+57 -> 77 | W12: =T12+57 -> 78 | X12: =U12+57 -> 79 | Y12: 32 | Z12: 33 | AA12: 34 | AB12: 35 | AC12: 36 | AD12: 127 | AE12: 128 | AF12: 129 | AG12: 130 | AH12: 131 | AI12: =('[1]Evaluation of backbone models'!B12-B12)/'[1]Evaluation of backbone models'!B12 -> -0.0017452852 | AJ12: =('[1]Evaluation of backbone models'!C12-C12)/'[1]Evaluation of backbone models'!C12 -> 0.01497386 | AK12: =('[1]Evaluation of backbone models'!D12-D12)/'[1]Evaluation of backbone models'!D12 -> 0.088991015 | AL12: =('[1]Evaluation of backbone models'!E12-E12)/'[1]Evaluation of backbone models'!E12 -> 0.0029760771 | AM12: =('[1]Evaluation of backbone models'!F12-F12)/'[1]Evaluation of backbone models'!F12 -> 0.0001300064 | AN12: =('[1]Evaluation of backbone models'!G12-G12)/'[1]Evaluation of backbone models'!G12 -> 0.0013752662
A13: 0.3 | B13: {=EXP(INDIRECT("'3-branch model Rjb'!F"&S13)+INDIRECT("'3-branch model Rjb'!G"&S13)*'Evaluation of backbone models'!$B$1+INDIRECT("'3-branch model Rjb'!H"&S13)*(8.5-'Evaluation of backbone models'!$B$1)^2+INDIRECT("'3-branch model Rjb'!I"&S13)*LN(SQRT('Evaluation of backbone models'!$B$2^2+(INDIRECT("'3-branch model Rjb'!L"&S13)*EXP(INDIRECT("'3-branch model Rjb'!M"&S13)*'Evaluation of backbone models'!$B$1))^2))+(INDIRECT("'3-branch model Rjb'!J"&S13)+INDIRECT("'3-branch model Rjb'!K"&S13)*'Evaluation of backbone models'!$B$1)*'Evaluation of backbone models'!$B$2+IF('Evaluation of backbone models'!$B$2<=50,0,IF('Evaluation of backbone models'!$B$2>100,INDIRECT("'3-branch model Rjb'!N"&S13)*LN($B$2/50)+INDIRECT("'3-branch model Rjb'!O"&S13)*LN('Evaluation of backbone models'!$B$2/100),INDIRECT("'3-branch model Rjb'!N"&S13)*LN('Evaluation of backbone models'!$B$2/50))))} -> 0.78048302 | C13: {=EXP(INDIRECT("'3-branch model Rjb'!F"&T13)+INDIRECT("'3-branch model Rjb'!G"&T13)*'Evaluation of backbone models'!$B$1+INDIRECT("'3-branch model Rjb'!H"&T13)*(8.5-'Evaluation of backbone models'!$B$1)^2+INDIRECT("'3-branch model Rjb'!I"&T13)*LN(SQRT('Evaluation of backbone models'!$B$2^2+(INDIRECT("'3-branch model Rjb'!L"&T13)*EXP(INDIRECT("'3-branch model Rjb'!M"&T13)*'Evaluation of backbone models'!$B$1))^2))+(INDIRECT("'3-branch model Rjb'!J"&T13)+INDIRECT("'3-branch model Rjb'!K"&T13)*'Evaluation of backbone models'!$B$1)*'Evaluation of backbone models'!$B$2+IF('Evaluation of backbone models'!$B$2<=50,0,IF('Evaluation of backbone models'!$B$2>100,INDIRECT("'3-branch model Rjb'!N"&T13)*LN($B$2/50)+INDIRECT("'3-branch model Rjb'!O"&T13)*LN('Evaluation of backbone models'!$B$2/100),INDIRECT("'3-branch model Rjb'!N"&T13)*LN('Evaluation of backbone models'!$B$2/50))))} -> 2.2787271 | D13: {=EXP(INDIRECT("'3-branch model Rjb'!F"&U13)+INDIRECT("'3-branch model Rjb'!G"&U13)*'Evaluation of backbone models'!$B$1+INDIRECT("'3-branch model Rjb'!H"&U13)*(8.5-'Evaluation of backbone models'!$B$1)^2+INDIRECT("'3-branch model Rjb'!I"&U13)*LN(SQRT('Evaluation of backbone models'!$B$2^2+(INDIRECT("'3-branch model Rjb'!L"&U13)*EXP(INDIRECT("'3-branch model Rjb'!M"&U13)*'Evaluation of backbone models'!$B$1))^2))+(INDIRECT("'3-branch model Rjb'!J"&U13)+INDIRECT("'3-branch model Rjb'!K"&U13)*'Evaluation of backbone models'!$B$1)*'Evaluation of backbone models'!$B$2+IF('Evaluation of backbone models'!$B$2<=50,0,IF('Evaluation of backbone models'!$B$2>100,INDIRECT("'3-branch model Rjb'!N"&U13)*LN($B$2/50)+INDIRECT("'3-branch model Rjb'!O"&U13)*LN('Evaluation of backbone models'!$B$2/100),INDIRECT("'3-branch model Rjb'!N"&U13)*LN('Evaluation of backbone models'!$B$2/50))))} -> 3.589665 | E13: {=EXP(INDIRECT("'3-branch model Rjb'!F"&V13)+INDIRECT("'3-branch model Rjb'!G"&V13)*'Evaluation of backbone models'!$B$1+INDIRECT("'3-branch model Rjb'!H"&V13)*(8.5-'Evaluation of backbone models'!$B$1)^2+INDIRECT("'3-branch model Rjb'!I"&V13)*LN(SQRT('Evaluation of backbone models'!$B$2^2+(INDIRECT("'3-branch model Rjb'!L"&V13)*EXP(INDIRECT("'3-branch model Rjb'!M"&V13)*'Evaluation of backbone models'!$B$1))^2))+(INDIRECT("'3-branch model Rjb'!J"&V13)+INDIRECT("'3-branch model Rjb'!K"&V13)*'Evaluation of backbone models'!$B$1)*'Evaluation of backbone models'!$B$2+IF('Evaluation of backbone models'!$B$2<=50,0,IF('Evaluation of backbone models'!$B$2>100,INDIRECT("'3-branch model Rjb'!N"&V13)*LN($B$2/50)+INDIRECT("'3-branch model Rjb'!O"&V13)*LN('Evaluation of backbone models'!$B$2/100),INDIRECT("'3-branch model Rjb'!N"&V13)*LN('Evaluation of backbone models'!$B$2/50))))} -> 0.86096707 | F13: {=EXP(INDIRECT("'3-branch model Rjb'!F"&W13)+INDIRECT("'3-branch model Rjb'!G"&W13)*'Evaluation of backbone models'!$B$1+INDIRECT("'3-branch model Rjb'!H"&W13)*(8.5-'Evaluation of backbone models'!$B$1)^2+INDIRECT("'3-branch model Rjb'!I"&W13)*LN(SQRT('Evaluation of backbone models'!$B$2^2+(INDIRECT("'3-branch model Rjb'!L"&W13)*EXP(INDIRECT("'3-branch model Rjb'!M"&W13)*'Evaluation of backbone models'!$B$1))^2))+(INDIRECT("'3-branch model Rjb'!J"&W13)+INDIRECT("'3-branch model Rjb'!K"&W13)*'Evaluation of backbone models'!$B$1)*'Evaluation of backbone models'!$B$2+IF('Evaluation of backbone models'!$B$2<=50,0,IF('Evaluation of backbone models'!$B$2>100,INDIRECT("'3-branch model Rjb'!N"&W13)*LN($B$2/50)+INDIRECT("'3-branch model Rjb'!O"&W13)*LN('Evaluation of backbone models'!$B$2/100),INDIRECT("'3-branch model Rjb'!N"&W13)*LN('Evaluation of backbone models'!$B$2/50))))} -> 2.3095765 | G13: {=EXP(INDIRECT("'3-branch model Rjb'!F"&X13)+INDIRECT("'3-branch model Rjb'!G"&X13)*'Evaluation of backbone models'!$B$1+INDIRECT("'3-branch model Rjb'!H"&X13)*(8.5-'Evaluation of backbone models'!$B$1)^2+INDIRECT("'3-branch model Rjb'!I"&X13)*LN(SQRT('Evaluation of backbone models'!$B$2^2+(INDIRECT("'3-branch model Rjb'!L"&X13)*EXP(INDIRECT("'3-branch model Rjb'!M"&X13)*'Evaluation of backbone models'!$B$1))^2))+(INDIRECT("'3-branch model Rjb'!J"&X13)+INDIRECT("'3-branch model Rjb'!K"&X13)*'Evaluation of backbone models'!$B$1)*'Evaluation of backbone models'!$B$2+IF('Evaluation of backbone models'!$B$2<=50,0,IF('Evaluation of backbone models'!$B$2>100,INDIRECT("'3-branch model Rjb'!N"&X13)*LN($B$2/50)+INDIRECT("'3-branch model Rjb'!O"&X13)*LN('Evaluation of backbone models'!$B$2/100),INDIRECT("'3-branch model Rjb'!N"&X13)*LN('Evaluation of backbone models'!$B$2/50))))} -> 3.6099343 | H13: {=EXP(INDIRECT("'5-branch model Rjb'!F"&Y13)+INDIRECT("'5-branch model Rjb'!G"&Y13)*'Evaluation of backbone models'!$B$1+INDIRECT("'5-branch model Rjb'!H"&Y13)*(8.5-'Evaluation of backbone models'!$B$1)^2+INDIRECT("'5-branch model Rjb'!I"&Y13)*LN(SQRT('Evaluation of backbone models'!$B$2^2+(INDIRECT("'5-branch model Rjb'!L"&Y13)*EXP(INDIRECT("'5-branch model Rjb'!M"&Y13)*'Evaluation of backbone models'!$B$1))^2))+(INDIRECT("'5-branch model Rjb'!J"&Y13)+INDIRECT("'5-branch model Rjb'!K"&Y13)*'Evaluation of backbone models'!$B$1)*'Evaluation of backbone models'!$B$2+IF('Evaluation of backbone models'!$B$2<=50,0,IF('Evaluation of backbone models'!$B$2>100,INDIRECT("'5-branch model Rjb'!N"&Y13)*LN($B$2/50)+INDIRECT("'5-branch model Rjb'!O"&Y13)*LN('Evaluation of backbone models'!$B$2/100),INDIRECT("'5-branch model Rjb'!N"&Y13)*LN('Evaluation of backbone models'!$B$2/50))))} -> 0.74176231 | I13: {=EXP(INDIRECT("'5-branch model Rjb'!F"&Z13)+INDIRECT("'5-branch model Rjb'!G"&Z13)*'Evaluation of backbone models'!$B$1+INDIRECT("'5-branch model Rjb'!H"&Z13)*(8.5-'Evaluation of backbone models'!$B$1)^2+INDIRECT("'5-branch model Rjb'!I"&Z13)*LN(SQRT('Evaluation of backbone models'!$B$2^2+(INDIRECT("'5-branch model Rjb'!L"&Z13)*EXP(INDIRECT("'5-branch model Rjb'!M"&Z13)*'Evaluation of backbone models'!$B$1))^2))+(INDIRECT("'5-branch model Rjb'!J"&Z13)+INDIRECT("'5-branch model Rjb'!K"&Z13)*'Evaluation of backbone models'!$B$1)*'Evaluation of backbone models'!$B$2+IF('Evaluation of backbone models'!$B$2<=50,0,IF('Evaluation of backbone models'!$B$2>100,INDIRECT("'5-branch model Rjb'!N"&Z13)*LN($B$2/50)+INDIRECT("'5-branch model Rjb'!O"&Z13)*LN('Evaluation of backbone models'!$B$2/100),INDIRECT("'5-branch model Rjb'!N"&Z13)*LN('Evaluation of backbone models'!$B$2/50))))} -> 1.8981718 | J13: {=EXP(INDIRECT("'5-branch model Rjb'!F"&AA13)+INDIRECT("'5-branch model Rjb'!G"&AA13)*'Evaluation of backbone models'!$B$1+INDIRECT("'5-branch model Rjb'!H"&AA13)*(8.5-'Evaluation of backbone models'!$B$1)^2+INDIRECT("'5-branch model Rjb'!I"&AA13)*LN(SQRT('Evaluation of backbone models'!$B$2^2+(INDIRECT("'5-branch model Rjb'!L"&AA13)*EXP(INDIRECT("'5-branch model Rjb'!M"&AA13)*'Evaluation of backbone models'!$B$1))^2))+(INDIRECT("'5-branch model Rjb'!J"&AA13)+INDIRECT("'5-branch model Rjb'!K"&AA13)*'Evaluation of backbone models'!$B$1)*'Evaluation of backbone models'!$B$2+IF('Evaluation of backbone models'!$B$2<=50,0,IF('Evaluation of backbone models'!$B$2>100,INDIRECT("'5-branch model Rjb'!N"&AA13)*LN($B$2/50)+INDIRECT("'5-branch model Rjb'!O"&AA13)*LN('Evaluation of backbone models'!$B$2/100),INDIRECT("'5-branch model Rjb'!N"&AA13)*LN('Evaluation of backbone models'!$B$2/50))))} -> 2.2796348 | K13: {=EXP(INDIRECT("'5-branch model Rjb'!F"&AB13)+INDIRECT("'5-branch model Rjb'!G"&AB13)*'Evaluation of backbone models'!$B$1+INDIRECT("'5-branch model Rjb'!H"&AB13)*(8.5-'Evaluation of backbone models'!$B$1)^2+INDIRECT("'5-branch model Rjb'!I"&AB13)*LN(SQRT('Evaluation of backbone models'!$B$2^2+(INDIRECT("'5-branch model Rjb'!L"&AB13)*EXP(INDIRECT("'5-branch model Rjb'!M"&AB13)*'Evaluation of backbone models'!$B$1))^2))+(INDIRECT("'5-branch model Rjb'!J"&AB13)+INDIRECT("'5-branch model Rjb'!K"&AB13)*'Evaluation of backbone models'!$B$1)*'Evaluation of backbone models'!$B$2+IF('Evaluation of backbone models'!$B$2<=50,0,IF('Evaluation of backbone models'!$B$2>100,INDIRECT("'5-branch model Rjb'!N"&AB13)*LN($B$2/50)+INDIRECT("'5-branch model Rjb'!O"&AB13)*LN('Evaluation of backbone models'!$B$2/100),INDIRECT("'5-branch model Rjb'!N"&AB13)*LN('Evaluation of backbone models'!$B$2/50))))} -> 2.6389058 | L13: {=EXP(INDIRECT("'5-branch model Rjb'!F"&AC13)+INDIRECT("'5-branch model Rjb'!G"&AC13)*'Evaluation of backbone models'!$B$1+INDIRECT("'5-branch model Rjb'!H"&AC13)*(8.5-'Evaluation of backbone models'!$B$1)^2+INDIRECT("'5-branch model Rjb'!I"&AC13)*LN(SQRT('Evaluation of backbone models'!$B$2^2+(INDIRECT("'5-branch model Rjb'!L"&AC13)*EXP(INDIRECT("'5-branch model Rjb'!M"&AC13)*'Evaluation of backbone models'!$B$1))^2))+(INDIRECT("'5-branch model Rjb'!J"&AC13)+INDIRECT("'5-branch model Rjb'!K"&AC13)*'Evaluation of backbone models'!$B$1)*'Evaluation of backbone models'!$B$2+IF('Evaluation of backbone models'!$B$2<=50,0,IF('Evaluation of backbone models'!$B$2>100,INDIRECT("'5-branch model Rjb'!N"&AC13)*LN($B$2/50)+INDIRECT("'5-branch model Rjb'!O"&AC13)*LN('Evaluation of backbone models'!$B$2/100),INDIRECT("'5-branch model Rjb'!N"&AC13)*LN('Evaluation of backbone models'!$B$2/50))))} -> 3.6218524 | M13: {=EXP(INDIRECT("'5-branch model Rjb'!F"&AD13)+INDIRECT("'5-branch model Rjb'!G"&AD13)*'Evaluation of backbone models'!$B$1+INDIRECT("'5-branch model Rjb'!H"&AD13)*(8.5-'Evaluation of backbone models'!$B$1)^2+INDIRECT("'5-branch model Rjb'!I"&AD13)*LN(SQRT('Evaluation of backbone models'!$B$2^2+(INDIRECT("'5-branch model Rjb'!L"&AD13)*EXP(INDIRECT("'5-branch model Rjb'!M"&AD13)*'Evaluation of backbone models'!$B$1))^2))+(INDIRECT("'5-branch model Rjb'!J"&AD13)+INDIRECT("'5-branch model Rjb'!K"&AD13)*'Evaluation of backbone models'!$B$1)*'Evaluation of backbone models'!$B$2+IF('Evaluation of backbone models'!$B$2<=50,0,IF('Evaluation of backbone models'!$B$2>100,INDIRECT("'5-branch model Rjb'!N"&AD13)*LN($B$2/50)+INDIRECT("'5-branch model Rjb'!O"&AD13)*LN('Evaluation of backbone models'!$B$2/100),INDIRECT("'5-branch model Rjb'!N"&AD13)*LN('Evaluation of backbone models'!$B$2/50))))} -> 0.84969846 | N13: {=EXP(INDIRECT("'5-branch model Rjb'!F"&AE13)+INDIRECT("'5-branch model Rjb'!G"&AE13)*'Evaluation of backbone models'!$B$1+INDIRECT("'5-branch model Rjb'!H"&AE13)*(8.5-'Evaluation of backbone models'!$B$1)^2+INDIRECT("'5-branch model Rjb'!I"&AE13)*LN(SQRT('Evaluation of backbone models'!$B$2^2+(INDIRECT("'5-branch model Rjb'!L"&AE13)*EXP(INDIRECT("'5-branch model Rjb'!M"&AE13)*'Evaluation of backbone models'!$B$1))^2))+(INDIRECT("'5-branch model Rjb'!J"&AE13)+INDIRECT("'5-branch model Rjb'!K"&AE13)*'Evaluation of backbone models'!$B$1)*'Evaluation of backbone models'!$B$2+IF('Evaluation of backbone models'!$B$2<=50,0,IF('Evaluation of backbone models'!$B$2>100,INDIRECT("'5-branch model Rjb'!N"&AE13)*LN($B$2/50)+INDIRECT("'5-branch model Rjb'!O"&AE13)*LN('Evaluation of backbone models'!$B$2/100),INDIRECT("'5-branch model Rjb'!N"&AE13)*LN('Evaluation of backbone models'!$B$2/50))))} -> 1.9763983 | O13: {=EXP(INDIRECT("'5-branch model Rjb'!F"&AF13)+INDIRECT("'5-branch model Rjb'!G"&AF13)*'Evaluation of backbone models'!$B$1+INDIRECT("'5-branch model Rjb'!H"&AF13)*(8.5-'Evaluation of backbone models'!$B$1)^2+INDIRECT("'5-branch model Rjb'!I"&AF13)*LN(SQRT('Evaluation of backbone models'!$B$2^2+(INDIRECT("'5-branch model Rjb'!L"&AF13)*EXP(INDIRECT("'5-branch model Rjb'!M"&AF13)*'Evaluation of backbone models'!$B$1))^2))+(INDIRECT("'5-branch model Rjb'!J"&AF13)+INDIRECT("'5-branch model Rjb'!K"&AF13)*'Evaluation of backbone models'!$B$1)*'Evaluation of backbone models'!$B$2+IF('Evaluation of backbone models'!$B$2<=50,0,IF('Evaluation of backbone models'!$B$2>100,INDIRECT("'5-branch model Rjb'!N"&AF13)*LN($B$2/50)+INDIRECT("'5-branch model Rjb'!O"&AF13)*LN('Evaluation of backbone models'!$B$2/100),INDIRECT("'5-branch model Rjb'!N"&AF13)*LN('Evaluation of backbone models'!$B$2/50))))} -> 2.3129032 | ... Q13: {=EXP(INDIRECT("'5-branch model Rjb'!F"&AH13)+INDIRECT("'5-branch model Rjb'!G"&AH13)*'Evaluation of backbone models'!$B$1+INDIRECT("'5-branch model Rjb'!H"&AH13)*(8.5-'Evaluation of backbone models'!$B$1)^2+INDIRECT("'5-branch model Rjb'!I"&AH13)*LN(SQRT('Evaluation of backbone models'!$B$2^2+(INDIRECT("'5-branch model Rjb'!L"&AH13)*EXP(INDIRECT("'5-branch model Rjb'!M"&AH13)*'Evaluation of backbone models'!$B$1))^2))+(INDIRECT("'5-branch model Rjb'!J"&AH13)+INDIRECT("'5-branch model Rjb'!K"&AH13)*'Evaluation of backbone models'!$B$1)*'Evaluation of backbone models'!$B$2+IF('Evaluation of backbone models'!$B$2<=50,0,IF('Evaluation of backbone models'!$B$2>100,INDIRECT("'5-branch model Rjb'!N"&AH13)*LN($B$2/50)+INDIRECT("'5-branch model Rjb'!O"&AH13)*LN('Evaluation of backbone models'!$B$2/100),INDIRECT("'5-branch model Rjb'!N"&AH13)*LN('Evaluation of backbone models'!$B$2/50))))} -> 3.8078517 | S13: 23 | T13: 24 | U13: 25 | V13: =S13+57 -> 80 | W13: =T13+57 -> 81 | X13: =U13+57 -> 82 | Y13: 37 | Z13: 38 | AA13: 39 | AB13: 40 | AC13: 41 | AD13: 132 | AE13: 133 | AF13: 134 | AG13: 135 | AH13: 136 | AI13: =('[1]Evaluation of backbone models'!B13-B13)/'[1]Evaluation of backbone models'!B13 -> -0.0033711224 | AJ13: =('[1]Evaluation of backbone models'!C13-C13)/'[1]Evaluation of backbone models'!C13 -> 0.022613461 | AK13: =('[1]Evaluation of backbone models'!D13-D13)/'[1]Evaluation of backbone models'!D13 -> 0.053683458 | AL13: =('[1]Evaluation of backbone models'!E13-E13)/'[1]Evaluation of backbone models'!E13 -> 0.0038719166 | AM13: =('[1]Evaluation of backbone models'!F13-F13)/'[1]Evaluation of backbone models'!F13 -> 0.0016558447 | AN13: =('[1]Evaluation of backbone models'!G13-G13)/'[1]Evaluation of backbone models'!G13 -> 0.00040848996
A14: 0.4 | B14: {=EXP(INDIRECT("'3-branch model Rjb'!F"&S14)+INDIRECT("'3-branch model Rjb'!G"&S14)*'Evaluation of backbone models'!$B$1+INDIRECT("'3-branch model Rjb'!H"&S14)*(8.5-'Evaluation of backbone models'!$B$1)^2+INDIRECT("'3-branch model Rjb'!I"&S14)*LN(SQRT('Evaluation of backbone models'!$B$2^2+(INDIRECT("'3-branch model Rjb'!L"&S14)*EXP(INDIRECT("'3-branch model Rjb'!M"&S14)*'Evaluation of backbone models'!$B$1))^2))+(INDIRECT("'3-branch model Rjb'!J"&S14)+INDIRECT("'3-branch model Rjb'!K"&S14)*'Evaluation of backbone models'!$B$1)*'Evaluation of backbone models'!$B$2+IF('Evaluation of backbone models'!$B$2<=50,0,IF('Evaluation of backbone models'!$B$2>100,INDIRECT("'3-branch model Rjb'!N"&S14)*LN($B$2/50)+INDIRECT("'3-branch model Rjb'!O"&S14)*LN('Evaluation of backbone models'!$B$2/100),INDIRECT("'3-branch model Rjb'!N"&S14)*LN('Evaluation of backbone models'!$B$2/50))))} -> 0.66416716 | C14: {=EXP(INDIRECT("'3-branch model Rjb'!F"&T14)+INDIRECT("'3-branch model Rjb'!G"&T14)*'Evaluation of backbone models'!$B$1+INDIRECT("'3-branch model Rjb'!H"&T14)*(8.5-'Evaluation of backbone models'!$B$1)^2+INDIRECT("'3-branch model Rjb'!I"&T14)*LN(SQRT('Evaluation of backbone models'!$B$2^2+(INDIRECT("'3-branch model Rjb'!L"&T14)*EXP(INDIRECT("'3-branch model Rjb'!M"&T14)*'Evaluation of backbone models'!$B$1))^2))+(INDIRECT("'3-branch model Rjb'!J"&T14)+INDIRECT("'3-branch model Rjb'!K"&T14)*'Evaluation of backbone models'!$B$1)*'Evaluation of backbone models'!$B$2+IF('Evaluation of backbone models'!$B$2<=50,0,IF('Evaluation of backbone models'!$B$2>100,INDIRECT("'3-branch model Rjb'!N"&T14)*LN($B$2/50)+INDIRECT("'3-branch model Rjb'!O"&T14)*LN('Evaluation of backbone models'!$B$2/100),INDIRECT("'3-branch model Rjb'!N"&T14)*LN('Evaluation of backbone models'!$B$2/50))))} -> 1.8980503 | D14: {=EXP(INDIRECT("'3-branch model Rjb'!F"&U14)+INDIRECT("'3-branch model Rjb'!G"&U14)*'Evaluation of backbone models'!$B$1+INDIRECT("'3-branch model Rjb'!H"&U14)*(8.5-'Evaluation of backbone models'!$B$1)^2+INDIRECT("'3-branch model Rjb'!I"&U14)*LN(SQRT('Evaluation of backbone models'!$B$2^2+(INDIRECT("'3-branch model Rjb'!L"&U14)*EXP(INDIRECT("'3-branch model Rjb'!M"&U14)*'Evaluation of backbone models'!$B$1))^2))+(INDIRECT("'3-branch model Rjb'!J"&U14)+INDIRECT("'3-branch model Rjb'!K"&U14)*'Evaluation of backbone models'!$B$1)*'Evaluation of backbone models'!$B$2+IF('Evaluation of backbone models'!$B$2<=50,0,IF('Evaluation of backbone models'!$B$2>100,INDIRECT("'3-branch model Rjb'!N"&U14)*LN($B$2/50)+INDIRECT("'3-branch model Rjb'!O"&U14)*LN('Evaluation of backbone models'!$B$2/100),INDIRECT("'3-branch model Rjb'!N"&U14)*LN('Evaluation of backbone models'!$B$2/50))))} -> 2.9229583 | E14: {=EXP(INDIRECT("'3-branch model Rjb'!F"&V14)+INDIRECT("'3-branch model Rjb'!G"&V14)*'Evaluation of backbone models'!$B$1+INDIRECT("'3-branch model Rjb'!H"&V14)*(8.5-'Evaluation of backbone models'!$B$1)^2+INDIRECT("'3-branch model Rjb'!I"&V14)*LN(SQRT('Evaluation of backbone models'!$B$2^2+(INDIRECT("'3-branch model Rjb'!L"&V14)*EXP(INDIRECT("'3-branch model Rjb'!M"&V14)*'Evaluation of backbone models'!$B$1))^2))+(INDIRECT("'3-branch model Rjb'!J"&V14)+INDIRECT("'3-branch model Rjb'!K"&V14)*'Evaluation of backbone models'!$B$1)*'Evaluation of backbone models'!$B$2+IF('Evaluation of backbone models'!$B$2<=50,0,IF('Evaluation of backbone models'!$B$2>100,INDIRECT("'3-branch model Rjb'!N"&V14)*LN($B$2/50)+INDIRECT("'3-branch model Rjb'!O"&V14)*LN('Evaluation of backbone models'!$B$2/100),INDIRECT("'3-branch model Rjb'!N"&V14)*LN('Evaluation of backbone models'!$B$2/50))))} -> 0.73945996 | F14: {=EXP(INDIRECT("'3-branch model Rjb'!F"&W14)+INDIRECT("'3-branch model Rjb'!G"&W14)*'Evaluation of backbone models'!$B$1+INDIRECT("'3-branch model Rjb'!H"&W14)*(8.5-'Evaluation of backbone models'!$B$1)^2+INDIRECT("'3-branch model Rjb'!I"&W14)*LN(SQRT('Evaluation of backbone models'!$B$2^2+(INDIRECT("'3-branch model Rjb'!L"&W14)*EXP(INDIRECT("'3-branch model Rjb'!M"&W14)*'Evaluation of backbone models'!$B$1))^2))+(INDIRECT("'3-branch model Rjb'!J"&W14)+INDIRECT("'3-branch model Rjb'!K"&W14)*'Evaluation of backbone models'!$B$1)*'Evaluation of backbone models'!$B$2+IF('Evaluation of backbone models'!$B$2<=50,0,IF('Evaluation of backbone models'!$B$2>100,INDIRECT("'3-branch model Rjb'!N"&W14)*LN($B$2/50)+INDIRECT("'3-branch model Rjb'!O"&W14)*LN('Evaluation of backbone models'!$B$2/100),INDIRECT("'3-branch model Rjb'!N"&W14)*LN('Evaluation of backbone models'!$B$2/50))))} -> 1.9261168 | G14: {=EXP(INDIRECT("'3-branch model Rjb'!F"&X14)+INDIRECT("'3-branch model Rjb'!G"&X14)*'Evaluation of backbone models'!$B$1+INDIRECT("'3-branch model Rjb'!H"&X14)*(8.5-'Evaluation of backbone models'!$B$1)^2+INDIRECT("'3-branch model Rjb'!I"&X14)*LN(SQRT('Evaluation of backbone models'!$B$2^2+(INDIRECT("'3-branch model Rjb'!L"&X14)*EXP(INDIRECT("'3-branch model Rjb'!M"&X14)*'Evaluation of backbone models'!$B$1))^2))+(INDIRECT("'3-branch model Rjb'!J"&X14)+INDIRECT("'3-branch model Rjb'!K"&X14)*'Evaluation of backbone models'!$B$1)*'Evaluation of backbone models'!$B$2+IF('Evaluation of backbone models'!$B$2<=50,0,IF('Evaluation of backbone models'!$B$2>100,INDIRECT("'3-branch model Rjb'!N"&X14)*LN($B$2/50)+INDIRECT("'3-branch model Rjb'!O"&X14)*LN('Evaluation of backbone models'!$B$2/100),INDIRECT("'3-branch model Rjb'!N"&X14)*LN('Evaluation of backbone models'!$B$2/50))))} -> 2.9371705 | H14: {=EXP(INDIRECT("'5-branch model Rjb'!F"&Y14)+INDIRECT("'5-branch model Rjb'!G"&Y14)*'Evaluation of backbone models'!$B$1+INDIRECT("'5-branch model Rjb'!H"&Y14)*(8.5-'Evaluation of backbone models'!$B$1)^2+INDIRECT("'5-branch model Rjb'!I"&Y14)*LN(SQRT('Evaluation of backbone models'!$B$2^2+(INDIRECT("'5-branch model Rjb'!L"&Y14)*EXP(INDIRECT("'5-branch model Rjb'!M"&Y14)*'Evaluation of backbone models'!$B$1))^2))+(INDIRECT("'5-branch model Rjb'!J"&Y14)+INDIRECT("'5-branch model Rjb'!K"&Y14)*'Evaluation of backbone models'!$B$1)*'Evaluation of backbone models'!$B$2+IF('Evaluation of backbone models'!$B$2<=50,0,IF('Evaluation of backbone models'!$B$2>100,INDIRECT("'5-branch model Rjb'!N"&Y14)*LN($B$2/50)+INDIRECT("'5-branch model Rjb'!O"&Y14)*LN('Evaluation of backbone models'!$B$2/100),INDIRECT("'5-branch model Rjb'!N"&Y14)*LN('Evaluation of backbone models'!$B$2/50))))} -> 0.64153701 | I14: {=EXP(INDIRECT("'5-branch model Rjb'!F"&Z14)+INDIRECT("'5-branch model Rjb'!G"&Z14)*'Evaluation of backbone models'!$B$1+INDIRECT("'5-branch model Rjb'!H"&Z14)*(8.5-'Evaluation of backbone models'!$B$1)^2+INDIRECT("'5-branch model Rjb'!I"&Z14)*LN(SQRT('Evaluation of backbone models'!$B$2^2+(INDIRECT("'5-branch model Rjb'!L"&Z14)*EXP(INDIRECT("'5-branch model Rjb'!M"&Z14)*'Evaluation of backbone models'!$B$1))^2))+(INDIRECT("'5-branch model Rjb'!J"&Z14)+INDIRECT("'5-branch model Rjb'!K"&Z14)*'Evaluation of backbone models'!$B$1)*'Evaluation of backbone models'!$B$2+IF('Evaluation of backbone models'!$B$2<=50,0,IF('Evaluation of backbone models'!$B$2>100,INDIRECT("'5-branch model Rjb'!N"&Z14)*LN($B$2/50)+INDIRECT("'5-branch model Rjb'!O"&Z14)*LN('Evaluation of backbone models'!$B$2/100),INDIRECT("'5-branch model Rjb'!N"&Z14)*LN('Evaluation of backbone models'!$B$2/50))))} -> 1.6487207 | J14: {=EXP(INDIRECT("'5-branch model Rjb'!F"&AA14)+INDIRECT("'5-branch model Rjb'!G"&AA14)*'Evaluation of backbone models'!$B$1+INDIRECT("'5-branch model Rjb'!H"&AA14)*(8.5-'Evaluation of backbone models'!$B$1)^2+INDIRECT("'5-branch model Rjb'!I"&AA14)*LN(SQRT('Evaluation of backbone models'!$B$2^2+(INDIRECT("'5-branch model Rjb'!L"&AA14)*EXP(INDIRECT("'5-branch model Rjb'!M"&AA14)*'Evaluation of backbone models'!$B$1))^2))+(INDIRECT("'5-branch model Rjb'!J"&AA14)+INDIRECT("'5-branch model Rjb'!K"&AA14)*'Evaluation of backbone models'!$B$1)*'Evaluation of backbone models'!$B$2+IF('Evaluation of backbone models'!$B$2<=50,0,IF('Evaluation of backbone models'!$B$2>100,INDIRECT("'5-branch model Rjb'!N"&AA14)*LN($B$2/50)+INDIRECT("'5-branch model Rjb'!O"&AA14)*LN('Evaluation of backbone models'!$B$2/100),INDIRECT("'5-branch model Rjb'!N"&AA14)*LN('Evaluation of backbone models'!$B$2/50))))} -> 1.8969463 | K14: {=EXP(INDIRECT("'5-branch model Rjb'!F"&AB14)+INDIRECT("'5-branch model Rjb'!G"&AB14)*'Evaluation of backbone models'!$B$1+INDIRECT("'5-branch model Rjb'!H"&AB14)*(8.5-'Evaluation of backbone models'!$B$1)^2+INDIRECT("'5-branch model Rjb'!I"&AB14)*LN(SQRT('Evaluation of backbone models'!$B$2^2+(INDIRECT("'5-branch model Rjb'!L"&AB14)*EXP(INDIRECT("'5-branch model Rjb'!M"&AB14)*'Evaluation of backbone models'!$B$1))^2))+(INDIRECT("'5-branch model Rjb'!J"&AB14)+INDIRECT("'5-branch model Rjb'!K"&AB14)*'Evaluation of backbone models'!$B$1)*'Evaluation of backbone models'!$B$2+IF('Evaluation of backbone models'!$B$2<=50,0,IF('Evaluation of backbone models'!$B$2>100,INDIRECT("'5-branch model Rjb'!N"&AB14)*LN($B$2/50)+INDIRECT("'5-branch model Rjb'!O"&AB14)*LN('Evaluation of backbone models'!$B$2/100),INDIRECT("'5-branch model Rjb'!N"&AB14)*LN('Evaluation of backbone models'!$B$2/50))))} -> 2.1261157 | L14: {=EXP(INDIRECT("'5-branch model Rjb'!F"&AC14)+INDIRECT("'5-branch model Rjb'!G"&AC14)*'Evaluation of backbone models'!$B$1+INDIRECT("'5-branch model Rjb'!H"&AC14)*(8.5-'Evaluation of backbone models'!$B$1)^2+INDIRECT("'5-branch model Rjb'!I"&AC14)*LN(SQRT('Evaluation of backbone models'!$B$2^2+(INDIRECT("'5-branch model Rjb'!L"&AC14)*EXP(INDIRECT("'5-branch model Rjb'!M"&AC14)*'Evaluation of backbone models'!$B$1))^2))+(INDIRECT("'5-branch model Rjb'!J"&AC14)+INDIRECT("'5-branch model Rjb'!K"&AC14)*'Evaluation of backbone models'!$B$1)*'Evaluation of backbone models'!$B$2+IF('Evaluation of backbone models'!$B$2<=50,0,IF('Evaluation of backbone models'!$B$2>100,INDIRECT("'5-branch model Rjb'!N"&AC14)*LN($B$2/50)+INDIRECT("'5-branch model Rjb'!O"&AC14)*LN('Evaluation of backbone models'!$B$2/100),INDIRECT("'5-branch model Rjb'!N"&AC14)*LN('Evaluation of backbone models'!$B$2/50))))} -> 2.9444175 | M14: {=EXP(INDIRECT("'5-branch model Rjb'!F"&AD14)+INDIRECT("'5-branch model Rjb'!G"&AD14)*'Evaluation of backbone models'!$B$1+INDIRECT("'5-branch model Rjb'!H"&AD14)*(8.5-'Evaluation of backbone models'!$B$1)^2+INDIRECT("'5-branch model Rjb'!I"&AD14)*LN(SQRT('Evaluation of backbone models'!$B$2^2+(INDIRECT("'5-branch model Rjb'!L"&AD14)*EXP(INDIRECT("'5-branch model Rjb'!M"&AD14)*'Evaluation of backbone models'!$B$1))^2))+(INDIRECT("'5-branch model Rjb'!J"&AD14)+INDIRECT("'5-branch model Rjb'!K"&AD14)*'Evaluation of backbone models'!$B$1)*'Evaluation of backbone models'!$B$2+IF('Evaluation of backbone models'!$B$2<=50,0,IF('Evaluation of backbone models'!$B$2>100,INDIRECT("'5-branch model Rjb'!N"&AD14)*LN($B$2/50)+INDIRECT("'5-branch model Rjb'!O"&AD14)*LN('Evaluation of backbone models'!$B$2/100),INDIRECT("'5-branch model Rjb'!N"&AD14)*LN('Evaluation of backbone models'!$B$2/50))))} -> 0.73084425 | N14: {=EXP(INDIRECT("'5-branch model Rjb'!F"&AE14)+INDIRECT("'5-branch model Rjb'!G"&AE14)*'Evaluation of backbone models'!$B$1+INDIRECT("'5-branch model Rjb'!H"&AE14)*(8.5-'Evaluation of backbone models'!$B$1)^2+INDIRECT("'5-branch model Rjb'!I"&AE14)*LN(SQRT('Evaluation of backbone models'!$B$2^2+(INDIRECT("'5-branch model Rjb'!L"&AE14)*EXP(INDIRECT("'5-branch model Rjb'!M"&AE14)*'Evaluation of backbone models'!$B$1))^2))+(INDIRECT("'5-branch model Rjb'!J"&AE14)+INDIRECT("'5-branch model Rjb'!K"&AE14)*'Evaluation of backbone models'!$B$1)*'Evaluation of backbone models'!$B$2+IF('Evaluation of backbone models'!$B$2<=50,0,IF('Evaluation of backbone models'!$B$2>100,INDIRECT("'5-branch model Rjb'!N"&AE14)*LN($B$2/50)+INDIRECT("'5-branch model Rjb'!O"&AE14)*LN('Evaluation of backbone models'!$B$2/100),INDIRECT("'5-branch model Rjb'!N"&AE14)*LN('Evaluation of backbone models'!$B$2/50))))} -> 1.6993045 | O14: {=EXP(INDIRECT("'5-branch model Rjb'!F"&AF14)+INDIRECT("'5-branch model Rjb'!G"&AF14)*'Evaluation of backbone models'!$B$1+INDIRECT("'5-branch model Rjb'!H"&AF14)*(8.5-'Evaluation of backbone models'!$B$1)^2+INDIRECT("'5-branch model Rjb'!I"&AF14)*LN(SQRT('Evaluation of backbone models'!$B$2^2+(INDIRECT("'5-branch model Rjb'!L"&AF14)*EXP(INDIRECT("'5-branch model Rjb'!M"&AF14)*'Evaluation of backbone models'!$B$1))^2))+(INDIRECT("'5-branch model Rjb'!J"&AF14)+INDIRECT("'5-branch model Rjb'!K"&AF14)*'Evaluation of backbone models'!$B$1)*'Evaluation of backbone models'!$B$2+IF('Evaluation of backbone models'!$B$2<=50,0,IF('Evaluation of backbone models'!$B$2>100,INDIRECT("'5-branch model Rjb'!N"&AF14)*LN($B$2/50)+INDIRECT("'5-branch model Rjb'!O"&AF14)*LN('Evaluation of backbone models'!$B$2/100),INDIRECT("'5-branch model Rjb'!N"&AF14)*LN('Evaluation of backbone models'!$B$2/50))))} -> 1.9283475 | ... Q14: {=EXP(INDIRECT("'5-branch model Rjb'!F"&AH14)+INDIRECT("'5-branch model Rjb'!G"&AH14)*'Evaluation of backbone models'!$B$1+INDIRECT("'5-branch model Rjb'!H"&AH14)*(8.5-'Evaluation of backbone models'!$B$1)^2+INDIRECT("'5-branch model Rjb'!I"&AH14)*LN(SQRT('Evaluation of backbone models'!$B$2^2+(INDIRECT("'5-branch model Rjb'!L"&AH14)*EXP(INDIRECT("'5-branch model Rjb'!M"&AH14)*'Evaluation of backbone models'!$B$1))^2))+(INDIRECT("'5-branch model Rjb'!J"&AH14)+INDIRECT("'5-branch model Rjb'!K"&AH14)*'Evaluation of backbone models'!$B$1)*'Evaluation of backbone models'!$B$2+IF('Evaluation of backbone models'!$B$2<=50,0,IF('Evaluation of backbone models'!$B$2>100,INDIRECT("'5-branch model Rjb'!N"&AH14)*LN($B$2/50)+INDIRECT("'5-branch model Rjb'!O"&AH14)*LN('Evaluation of backbone models'!$B$2/100),INDIRECT("'5-branch model Rjb'!N"&AH14)*LN('Evaluation of backbone models'!$B$2/50))))} -> 3.0502458 | S14: 26 | T14: 27 | U14: 28 | V14: =S14+57 -> 83 | W14: =T14+57 -> 84 | X14: =U14+57 -> 85 | Y14: 42 | Z14: 43 | AA14: 44 | AB14: 45 | AC14: 46 | AD14: 137 | AE14: 138 | AF14: 139 | AG14: 140 | AH14: 141 | AI14: =('[1]Evaluation of backbone models'!B14-B14)/'[1]Evaluation of backbone models'!B14 -> -0.00078496267 | AJ14: =('[1]Evaluation of backbone models'!C14-C14)/'[1]Evaluation of backbone models'!C14 -> 0.021893075 | AK14: =('[1]Evaluation of backbone models'!D14-D14)/'[1]Evaluation of backbone models'!D14 -> 0.038623323 | AL14: =('[1]Evaluation of backbone models'!E14-E14)/'[1]Evaluation of backbone models'!E14 -> 0.0042875314 | AM14: =('[1]Evaluation of backbone models'!F14-F14)/'[1]Evaluation of backbone models'!F14 -> 0.0013787908 | AN14: =('[1]Evaluation of backbone models'!G14-G14)/'[1]Evaluation of backbone models'!G14 -> 0.00073013129
A15: 0.5 | B15: {=EXP(INDIRECT("'3-branch model Rjb'!F"&S15)+INDIRECT("'3-branch model Rjb'!G"&S15)*'Evaluation of backbone models'!$B$1+INDIRECT("'3-branch model Rjb'!H"&S15)*(8.5-'Evaluation of backbone models'!$B$1)^2+INDIRECT("'3-branch model Rjb'!I"&S15)*LN(SQRT('Evaluation of backbone models'!$B$2^2+(INDIRECT("'3-branch model Rjb'!L"&S15)*EXP(INDIRECT("'3-branch model Rjb'!M"&S15)*'Evaluation of backbone models'!$B$1))^2))+(INDIRECT("'3-branch model Rjb'!J"&S15)+INDIRECT("'3-branch model Rjb'!K"&S15)*'Evaluation of backbone models'!$B$1)*'Evaluation of backbone models'!$B$2+IF('Evaluation of backbone models'!$B$2<=50,0,IF('Evaluation of backbone models'!$B$2>100,INDIRECT("'3-branch model Rjb'!N"&S15)*LN($B$2/50)+INDIRECT("'3-branch model Rjb'!O"&S15)*LN('Evaluation of backbone models'!$B$2/100),INDIRECT("'3-branch model Rjb'!N"&S15)*LN('Evaluation of backbone models'!$B$2/50))))} -> 0.57013216 | C15: {=EXP(INDIRECT("'3-branch model Rjb'!F"&T15)+INDIRECT("'3-branch model Rjb'!G"&T15)*'Evaluation of backbone models'!$B$1+INDIRECT("'3-branch model Rjb'!H"&T15)*(8.5-'Evaluation of backbone models'!$B$1)^2+INDIRECT("'3-branch model Rjb'!I"&T15)*LN(SQRT('Evaluation of backbone models'!$B$2^2+(INDIRECT("'3-branch model Rjb'!L"&T15)*EXP(INDIRECT("'3-branch model Rjb'!M"&T15)*'Evaluation of backbone models'!$B$1))^2))+(INDIRECT("'3-branch model Rjb'!J"&T15)+INDIRECT("'3-branch model Rjb'!K"&T15)*'Evaluation of backbone models'!$B$1)*'Evaluation of backbone models'!$B$2+IF('Evaluation of backbone models'!$B$2<=50,0,IF('Evaluation of backbone models'!$B$2>100,INDIRECT("'3-branch model Rjb'!N"&T15)*LN($B$2/50)+INDIRECT("'3-branch model Rjb'!O"&T15)*LN('Evaluation of backbone models'!$B$2/100),INDIRECT("'3-branch model Rjb'!N"&T15)*LN('Evaluation of backbone models'!$B$2/50))))} -> 1.5853484 | D15: {=EXP(INDIRECT("'3-branch model Rjb'!F"&U15)+INDIRECT("'3-branch model Rjb'!G"&U15)*'Evaluation of backbone models'!$B$1+INDIRECT("'3-branch model Rjb'!H"&U15)*(8.5-'Evaluation of backbone models'!$B$1)^2+INDIRECT("'3-branch model Rjb'!I"&U15)*LN(SQRT('Evaluation of backbone models'!$B$2^2+(INDIRECT("'3-branch model Rjb'!L"&U15)*EXP(INDIRECT("'3-branch model Rjb'!M"&U15)*'Evaluation of backbone models'!$B$1))^2))+(INDIRECT("'3-branch model Rjb'!J"&U15)+INDIRECT("'3-branch model Rjb'!K"&U15)*'Evaluation of backbone models'!$B$1)*'Evaluation of backbone models'!$B$2+IF('Evaluation of backbone models'!$B$2<=50,0,IF('Evaluation of backbone models'!$B$2>100,INDIRECT("'3-branch model Rjb'!N"&U15)*LN($B$2/50)+INDIRECT("'3-branch model Rjb'!O"&U15)*LN('Evaluation of backbone models'!$B$2/100),INDIRECT("'3-branch model Rjb'!N"&U15)*LN('Evaluation of backbone models'!$B$2/50))))} -> 2.4123319 | E15: {=EXP(INDIRECT("'3-branch model Rjb'!F"&V15)+INDIRECT("'3-branch model Rjb'!G"&V15)*'Evaluation of backbone models'!$B$1+INDIRECT("'3-branch model Rjb'!H"&V15)*(8.5-'Evaluation of backbone models'!$B$1)^2+INDIRECT("'3-branch model Rjb'!I"&V15)*LN(SQRT('Evaluation of backbone models'!$B$2^2+(INDIRECT("'3-branch model Rjb'!L"&V15)*EXP(INDIRECT("'3-branch model Rjb'!M"&V15)*'Evaluation of backbone models'!$B$1))^2))+(INDIRECT("'3-branch model Rjb'!J"&V15)+INDIRECT("'3-branch model Rjb'!K"&V15)*'Evaluation of backbone models'!$B$1)*'Evaluation of backbone models'!$B$2+IF('Evaluation of backbone models'!$B$2<=50,0,IF('Evaluation of backbone models'!$B$2>100,INDIRECT("'3-branch model Rjb'!N"&V15)*LN($B$2/50)+INDIRECT("'3-branch model Rjb'!O"&V15)*LN('Evaluation of backbone models'!$B$2/100),INDIRECT("'3-branch model Rjb'!N"&V15)*LN('Evaluation of backbone models'!$B$2/50))))} -> 0.64070505 | F15: {=EXP(INDIRECT("'3-branch model Rjb'!F"&W15)+INDIRECT("'3-branch model Rjb'!G"&W15)*'Evaluation of backbone models'!$B$1+INDIRECT("'3-branch model Rjb'!H"&W15)*(8.5-'Evaluation of backbone models'!$B$1)^2+INDIRECT("'3-branch model Rjb'!I"&W15)*LN(SQRT('Evaluation of backbone models'!$B$2^2+(INDIRECT("'3-branch model Rjb'!L"&W15)*EXP(INDIRECT("'3-branch model Rjb'!M"&W15)*'Evaluation of backbone models'!$B$1))^2))+(INDIRECT("'3-branch model Rjb'!J"&W15)+INDIRECT("'3-branch model Rjb'!K"&W15)*'Evaluation of backbone models'!$B$1)*'Evaluation of backbone models'!$B$2+IF('Evaluation of backbone models'!$B$2<=50,0,IF('Evaluation of backbone models'!$B$2>100,INDIRECT("'3-branch model Rjb'!N"&W15)*LN($B$2/50)+INDIRECT("'3-branch model Rjb'!O"&W15)*LN('Evaluation of backbone models'!$B$2/100),INDIRECT("'3-branch model Rjb'!N"&W15)*LN('Evaluation of backbone models'!$B$2/50))))} -> 1.6168736 | G15: {=EXP(INDIRECT("'3-branch model Rjb'!F"&X15)+INDIRECT("'3-branch model Rjb'!G"&X15)*'Evaluation of backbone models'!$B$1+INDIRECT("'3-branch model Rjb'!H"&X15)*(8.5-'Evaluation of backbone models'!$B$1)^2+INDIRECT("'3-branch model Rjb'!I"&X15)*LN(SQRT('Evaluation of backbone models'!$B$2^2+(INDIRECT("'3-branch model Rjb'!L"&X15)*EXP(INDIRECT("'3-branch model Rjb'!M"&X15)*'Evaluation of backbone models'!$B$1))^2))+(INDIRECT("'3-branch model Rjb'!J"&X15)+INDIRECT("'3-branch model Rjb'!K"&X15)*'Evaluation of backbone models'!$B$1)*'Evaluation of backbone models'!$B$2+IF('Evaluation of backbone models'!$B$2<=50,0,IF('Evaluation of backbone models'!$B$2>100,INDIRECT("'3-branch model Rjb'!N"&X15)*LN($B$2/50)+INDIRECT("'3-branch model Rjb'!O"&X15)*LN('Evaluation of backbone models'!$B$2/100),INDIRECT("'3-branch model Rjb'!N"&X15)*LN('Evaluation of backbone models'!$B$2/50))))} -> 2.4209335 | H15: {=EXP(INDIRECT("'5-branch model Rjb'!F"&Y15)+INDIRECT("'5-branch model Rjb'!G"&Y15)*'Evaluation of backbone models'!$B$1+INDIRECT("'5-branch model Rjb'!H"&Y15)*(8.5-'Evaluation of backbone models'!$B$1)^2+INDIRECT("'5-branch model Rjb'!I"&Y15)*LN(SQRT('Evaluation of backbone models'!$B$2^2+(INDIRECT("'5-branch model Rjb'!L"&Y15)*EXP(INDIRECT("'5-branch model Rjb'!M"&Y15)*'Evaluation of backbone models'!$B$1))^2))+(INDIRECT("'5-branch model Rjb'!J"&Y15)+INDIRECT("'5-branch model Rjb'!K"&Y15)*'Evaluation of backbone models'!$B$1)*'Evaluation of backbone models'!$B$2+IF('Evaluation of backbone models'!$B$2<=50,0,IF('Evaluation of backbone models'!$B$2>100,INDIRECT("'5-branch model Rjb'!N"&Y15)*LN($B$2/50)+INDIRECT("'5-branch model Rjb'!O"&Y15)*LN('Evaluation of backbone models'!$B$2/100),INDIRECT("'5-branch model Rjb'!N"&Y15)*LN('Evaluation of backbone models'!$B$2/50))))} -> 0.55600726 | I15: {=EXP(INDIRECT("'5-branch model Rjb'!F"&Z15)+INDIRECT("'5-branch model Rjb'!G"&Z15)*'Evaluation of backbone models'!$B$1+INDIRECT("'5-branch model Rjb'!H"&Z15)*(8.5-'Evaluation of backbone models'!$B$1)^2+INDIRECT("'5-branch model Rjb'!I"&Z15)*LN(SQRT('Evaluation of backbone models'!$B$2^2+(INDIRECT("'5-branch model Rjb'!L"&Z15)*EXP(INDIRECT("'5-branch model Rjb'!M"&Z15)*'Evaluation of backbone models'!$B$1))^2))+(INDIRECT("'5-branch model Rjb'!J"&Z15)+INDIRECT("'5-branch model Rjb'!K"&Z15)*'Evaluation of backbone models'!$B$1)*'Evaluation of backbone models'!$B$2+IF('Evaluation of backbone models'!$B$2<=50,0,IF('Evaluation of backbone models'!$B$2>100,INDIRECT("'5-branch model Rjb'!N"&Z15)*LN($B$2/50)+INDIRECT("'5-branch model Rjb'!O"&Z15)*LN('Evaluation of backbone models'!$B$2/100),INDIRECT("'5-branch model Rjb'!N"&Z15)*LN('Evaluation of backbone models'!$B$2/50))))} -> 1.4215778 | J15: {=EXP(INDIRECT("'5-branch model Rjb'!F"&AA15)+INDIRECT("'5-branch model Rjb'!G"&AA15)*'Evaluation of backbone models'!$B$1+INDIRECT("'5-branch model Rjb'!H"&AA15)*(8.5-'Evaluation of backbone models'!$B$1)^2+INDIRECT("'5-branch model Rjb'!I"&AA15)*LN(SQRT('Evaluation of backbone models'!$B$2^2+(INDIRECT("'5-branch model Rjb'!L"&AA15)*EXP(INDIRECT("'5-branch model Rjb'!M"&AA15)*'Evaluation of backbone models'!$B$1))^2))+(INDIRECT("'5-branch model Rjb'!J"&AA15)+INDIRECT("'5-branch model Rjb'!K"&AA15)*'Evaluation of backbone models'!$B$1)*'Evaluation of backbone models'!$B$2+IF('Evaluation of backbone models'!$B$2<=50,0,IF('Evaluation of backbone models'!$B$2>100,INDIRECT("'5-branch model Rjb'!N"&AA15)*LN($B$2/50)+INDIRECT("'5-branch model Rjb'!O"&AA15)*LN('Evaluation of backbone models'!$B$2/100),INDIRECT("'5-branch model Rjb'!N"&AA15)*LN('Evaluation of backbone models'!$B$2/50))))} -> 1.5865467 | K15: {=EXP(INDIRECT("'5-branch model Rjb'!F"&AB15)+INDIRECT("'5-branch model Rjb'!G"&AB15)*'Evaluation of backbone models'!$B$1+INDIRECT("'5-branch model Rjb'!H"&AB15)*(8.5-'Evaluation of backbone models'!$B$1)^2+INDIRECT("'5-branch model Rjb'!I"&AB15)*LN(SQRT('Evaluation of backbone models'!$B$2^2+(INDIRECT("'5-branch model Rjb'!L"&AB15)*EXP(INDIRECT("'5-branch model Rjb'!M"&AB15)*'Evaluation of backbone models'!$B$1))^2))+(INDIRECT("'5-branch model Rjb'!J"&AB15)+INDIRECT("'5-branch model Rjb'!K"&AB15)*'Evaluation of backbone models'!$B$1)*'Evaluation of backbone models'!$B$2+IF('Evaluation of backbone models'!$B$2<=50,0,IF('Evaluation of backbone models'!$B$2>100,INDIRECT("'5-branch model Rjb'!N"&AB15)*LN($B$2/50)+INDIRECT("'5-branch model Rjb'!O"&AB15)*LN('Evaluation of backbone models'!$B$2/100),INDIRECT("'5-branch model Rjb'!N"&AB15)*LN('Evaluation of backbone models'!$B$2/50))))} -> 1.7503708 | L15: {=EXP(INDIRECT("'5-branch model Rjb'!F"&AC15)+INDIRECT("'5-branch model Rjb'!G"&AC15)*'Evaluation of backbone models'!$B$1+INDIRECT("'5-branch model Rjb'!H"&AC15)*(8.5-'Evaluation of backbone models'!$B$1)^2+INDIRECT("'5-branch model Rjb'!I"&AC15)*LN(SQRT('Evaluation of backbone models'!$B$2^2+(INDIRECT("'5-branch model Rjb'!L"&AC15)*EXP(INDIRECT("'5-branch model Rjb'!M"&AC15)*'Evaluation of backbone models'!$B$1))^2))+(INDIRECT("'5-branch model Rjb'!J"&AC15)+INDIRECT("'5-branch model Rjb'!K"&AC15)*'Evaluation of backbone models'!$B$1)*'Evaluation of backbone models'!$B$2+IF('Evaluation of backbone models'!$B$2<=50,0,IF('Evaluation of backbone models'!$B$2>100,INDIRECT("'5-branch model Rjb'!N"&AC15)*LN($B$2/50)+INDIRECT("'5-branch model Rjb'!O"&AC15)*LN('Evaluation of backbone models'!$B$2/100),INDIRECT("'5-branch model Rjb'!N"&AC15)*LN('Evaluation of backbone models'!$B$2/50))))} -> 2.4242597 | M15: {=EXP(INDIRECT("'5-branch model Rjb'!F"&AD15)+INDIRECT("'5-branch model Rjb'!G"&AD15)*'Evaluation of backbone models'!$B$1+INDIRECT("'5-branch model Rjb'!H"&AD15)*(8.5-'Evaluation of backbone models'!$B$1)^2+INDIRECT("'5-branch model Rjb'!I"&AD15)*LN(SQRT('Evaluation of backbone models'!$B$2^2+(INDIRECT("'5-branch model Rjb'!L"&AD15)*EXP(INDIRECT("'5-branch model Rjb'!M"&AD15)*'Evaluation of backbone models'!$B$1))^2))+(INDIRECT("'5-branch model Rjb'!J"&AD15)+INDIRECT("'5-branch model Rjb'!K"&AD15)*'Evaluation of backbone models'!$B$1)*'Evaluation of backbone models'!$B$2+IF('Evaluation of backbone models'!$B$2<=50,0,IF('Evaluation of backbone models'!$B$2>100,INDIRECT("'5-branch model Rjb'!N"&AD15)*LN($B$2/50)+INDIRECT("'5-branch model Rjb'!O"&AD15)*LN('Evaluation of backbone models'!$B$2/100),INDIRECT("'5-branch model Rjb'!N"&AD15)*LN('Evaluation of backbone models'!$B$2/50))))} -> 0.63355331 | N15: {=EXP(INDIRECT("'5-branch model Rjb'!F"&AE15)+INDIRECT("'5-branch model Rjb'!G"&AE15)*'Evaluation of backbone models'!$B$1+INDIRECT("'5-branch model Rjb'!H"&AE15)*(8.5-'Evaluation of backbone models'!$B$1)^2+INDIRECT("'5-branch model Rjb'!I"&AE15)*LN(SQRT('Evaluation of backbone models'!$B$2^2+(INDIRECT("'5-branch model Rjb'!L"&AE15)*EXP(INDIRECT("'5-branch model Rjb'!M"&AE15)*'Evaluation of backbone models'!$B$1))^2))+(INDIRECT("'5-branch model Rjb'!J"&AE15)+INDIRECT("'5-branch model Rjb'!K"&AE15)*'Evaluation of backbone models'!$B$1)*'Evaluation of backbone models'!$B$2+IF('Evaluation of backbone models'!$B$2<=50,0,IF('Evaluation of backbone models'!$B$2>100,INDIRECT("'5-branch model Rjb'!N"&AE15)*LN($B$2/50)+INDIRECT("'5-branch model Rjb'!O"&AE15)*LN('Evaluation of backbone models'!$B$2/100),INDIRECT("'5-branch model Rjb'!N"&AE15)*LN('Evaluation of backbone models'!$B$2/50))))} -> 1.4541947 | O15: {=EXP(INDIRECT("'5-branch model Rjb'!F"&AF15)+INDIRECT("'5-branch model Rjb'!G"&AF15)*'Evaluation of backbone models'!$B$1+INDIRECT("'5-branch model Rjb'!H"&AF15)*(8.5-'Evaluation of backbone models'!$B$1)^2+INDIRECT("'5-branch model Rjb'!I"&AF15)*LN(SQRT('Evaluation of backbone models'!$B$2^2+(INDIRECT("'5-branch model Rjb'!L"&AF15)*EXP(INDIRECT("'5-branch model Rjb'!M"&AF15)*'Evaluation of backbone models'!$B$1))^2))+(INDIRECT("'5-branch model Rjb'!J"&AF15)+INDIRECT("'5-branch model Rjb'!K"&AF15)*'Evaluation of backbone models'!$B$1)*'Evaluation of backbone models'!$B$2+IF('Evaluation of backbone models'!$B$2<=50,0,IF('Evaluation of backbone models'!$B$2>100,INDIRECT("'5-branch model Rjb'!N"&AF15)*LN($B$2/50)+INDIRECT("'5-branch model Rjb'!O"&AF15)*LN('Evaluation of backbone models'!$B$2/100),INDIRECT("'5-branch model Rjb'!N"&AF15)*LN('Evaluation of backbone models'!$B$2/50))))} -> 1.6187384 | ... Q15: {=EXP(INDIRECT("'5-branch model Rjb'!F"&AH15)+INDIRECT("'5-branch model Rjb'!G"&AH15)*'Evaluation of backbone models'!$B$1+INDIRECT("'5-branch model Rjb'!H"&AH15)*(8.5-'Evaluation of backbone models'!$B$1)^2+INDIRECT("'5-branch model Rjb'!I"&AH15)*LN(SQRT('Evaluation of backbone models'!$B$2^2+(INDIRECT("'5-branch model Rjb'!L"&AH15)*EXP(INDIRECT("'5-branch model Rjb'!M"&AH15)*'Evaluation of backbone models'!$B$1))^2))+(INDIRECT("'5-branch model Rjb'!J"&AH15)+INDIRECT("'5-branch model Rjb'!K"&AH15)*'Evaluation of backbone models'!$B$1)*'Evaluation of backbone models'!$B$2+IF('Evaluation of backbone models'!$B$2<=50,0,IF('Evaluation of backbone models'!$B$2>100,INDIRECT("'5-branch model Rjb'!N"&AH15)*LN($B$2/50)+INDIRECT("'5-branch model Rjb'!O"&AH15)*LN('Evaluation of backbone models'!$B$2/100),INDIRECT("'5-branch model Rjb'!N"&AH15)*LN('Evaluation of backbone models'!$B$2/50))))} -> 2.4897394 | S15: 29 | T15: 30 | U15: 31 | V15: =S15+57 -> 86 | W15: =T15+57 -> 87 | X15: =U15+57 -> 88 | Y15: 47 | Z15: 48 | AA15: 49 | AB15: 50 | AC15: 51 | AD15: 142 | AE15: 143 | AF15: 144 | AG15: 145 | AH15: 146 | AI15: =('[1]Evaluation of backbone models'!B15-B15)/'[1]Evaluation of backbone models'!B15 -> 0.00069804808 | AJ15: =('[1]Evaluation of backbone models'!C15-C15)/'[1]Evaluation of backbone models'!C15 -> 0.02377949 | AK15: =('[1]Evaluation of backbone models'!D15-D15)/'[1]Evaluation of backbone models'!D15 -> 0.027728159 | AL15: =('[1]Evaluation of backbone models'!E15-E15)/'[1]Evaluation of backbone models'!E15 -> 0.003807669 | AM15: =('[1]Evaluation of backbone models'!F15-F15)/'[1]Evaluation of backbone models'!F15 -> 0.0012014745 | AN15: =('[1]Evaluation of backbone models'!G15-G15)/'[1]Evaluation of backbone models'!G15 -> 0.00026640158
A16: 0.75 | B16: {=EXP(INDIRECT("'3-branch model Rjb'!F"&S16)+INDIRECT("'3-branch model Rjb'!G"&S16)*'Evaluation of backbone models'!$B$1+INDIRECT("'3-branch model Rjb'!H"&S16)*(8.5-'Evaluation of backbone models'!$B$1)^2+INDIRECT("'3-branch model Rjb'!I"&S16)*LN(SQRT('Evaluation of backbone models'!$B$2^2+(INDIRECT("'3-branch model Rjb'!L"&S16)*EXP(INDIRECT("'3-branch model Rjb'!M"&S16)*'Evaluation of backbone models'!$B$1))^2))+(INDIRECT("'3-branch model Rjb'!J"&S16)+INDIRECT("'3-branch model Rjb'!K"&S16)*'Evaluation of backbone models'!$B$1)*'Evaluation of backbone models'!$B$2+IF('Evaluation of backbone models'!$B$2<=50,0,IF('Evaluation of backbone models'!$B$2>100,INDIRECT("'3-branch model Rjb'!N"&S16)*LN($B$2/50)+INDIRECT("'3-branch model Rjb'!O"&S16)*LN('Evaluation of backbone models'!$B$2/100),INDIRECT("'3-branch model Rjb'!N"&S16)*LN('Evaluation of backbone models'!$B$2/50))))} -> 0.40123648 | C16: {=EXP(INDIRECT("'3-branch model Rjb'!F"&T16)+INDIRECT("'3-branch model Rjb'!G"&T16)*'Evaluation of backbone models'!$B$1+INDIRECT("'3-branch model Rjb'!H"&T16)*(8.5-'Evaluation of backbone models'!$B$1)^2+INDIRECT("'3-branch model Rjb'!I"&T16)*LN(SQRT('Evaluation of backbone models'!$B$2^2+(INDIRECT("'3-branch model Rjb'!L"&T16)*EXP(INDIRECT("'3-branch model Rjb'!M"&T16)*'Evaluation of backbone models'!$B$1))^2))+(INDIRECT("'3-branch model Rjb'!J"&T16)+INDIRECT("'3-branch model Rjb'!K"&T16)*'Evaluation of backbone models'!$B$1)*'Evaluation of backbone models'!$B$2+IF('Evaluation of backbone models'!$B$2<=50,0,IF('Evaluation of backbone models'!$B$2>100,INDIRECT("'3-branch model Rjb'!N"&T16)*LN($B$2/50)+INDIRECT("'3-branch model Rjb'!O"&T16)*LN('Evaluation of backbone models'!$B$2/100),INDIRECT("'3-branch model Rjb'!N"&T16)*LN('Evaluation of backbone models'!$B$2/50))))} -> 1.0421032 | D16: {=EXP(INDIRECT("'3-branch model Rjb'!F"&U16)+INDIRECT("'3-branch model Rjb'!G"&U16)*'Evaluation of backbone models'!$B$1+INDIRECT("'3-branch model Rjb'!H"&U16)*(8.5-'Evaluation of backbone models'!$B$1)^2+INDIRECT("'3-branch model Rjb'!I"&U16)*LN(SQRT('Evaluation of backbone models'!$B$2^2+(INDIRECT("'3-branch model Rjb'!L"&U16)*EXP(INDIRECT("'3-branch model Rjb'!M"&U16)*'Evaluation of backbone models'!$B$1))^2))+(INDIRECT("'3-branch model Rjb'!J"&U16)+INDIRECT("'3-branch model Rjb'!K"&U16)*'Evaluation of backbone models'!$B$1)*'Evaluation of backbone models'!$B$2+IF('Evaluation of backbone models'!$B$2<=50,0,IF('Evaluation of backbone models'!$B$2>100,INDIRECT("'3-branch model Rjb'!N"&U16)*LN($B$2/50)+INDIRECT("'3-branch model Rjb'!O"&U16)*LN('Evaluation of backbone models'!$B$2/100),INDIRECT("'3-branch model Rjb'!N"&U16)*LN('Evaluation of backbone models'!$B$2/50))))} -> 1.5489607 | E16: {=EXP(INDIRECT("'3-branch model Rjb'!F"&V16)+INDIRECT("'3-branch model Rjb'!G"&V16)*'Evaluation of backbone models'!$B$1+INDIRECT("'3-branch model Rjb'!H"&V16)*(8.5-'Evaluation of backbone models'!$B$1)^2+INDIRECT("'3-branch model Rjb'!I"&V16)*LN(SQRT('Evaluation of backbone models'!$B$2^2+(INDIRECT("'3-branch model Rjb'!L"&V16)*EXP(INDIRECT("'3-branch model Rjb'!M"&V16)*'Evaluation of backbone models'!$B$1))^2))+(INDIRECT("'3-branch model Rjb'!J"&V16)+INDIRECT("'3-branch model Rjb'!K"&V16)*'Evaluation of backbone models'!$B$1)*'Evaluation of backbone models'!$B$2+IF('Evaluation of backbone models'!$B$2<=50,0,IF('Evaluation of backbone models'!$B$2>100,INDIRECT("'3-branch model Rjb'!N"&V16)*LN($B$2/50)+INDIRECT("'3-branch model Rjb'!O"&V16)*LN('Evaluation of backbone models'!$B$2/100),INDIRECT("'3-branch model Rjb'!N"&V16)*LN('Evaluation of backbone models'!$B$2/50))))} -> 0.45632047 | F16: {=EXP(INDIRECT("'3-branch model Rjb'!F"&W16)+INDIRECT("'3-branch model Rjb'!G"&W16)*'Evaluation of backbone models'!$B$1+INDIRECT("'3-branch model Rjb'!H"&W16)*(8.5-'Evaluation of backbone models'!$B$1)^2+INDIRECT("'3-branch model Rjb'!I"&W16)*LN(SQRT('Evaluation of backbone models'!$B$2^2+(INDIRECT("'3-branch model Rjb'!L"&W16)*EXP(INDIRECT("'3-branch model Rjb'!M"&W16)*'Evaluation of backbone models'!$B$1))^2))+(INDIRECT("'3-branch model Rjb'!J"&W16)+INDIRECT("'3-branch model Rjb'!K"&W16)*'Evaluation of backbone models'!$B$1)*'Evaluation of backbone models'!$B$2+IF('Evaluation of backbone models'!$B$2<=50,0,IF('Evaluation of backbone models'!$B$2>100,INDIRECT("'3-branch model Rjb'!N"&W16)*LN($B$2/50)+INDIRECT("'3-branch model Rjb'!O"&W16)*LN('Evaluation of backbone models'!$B$2/100),INDIRECT("'3-branch model Rjb'!N"&W16)*LN('Evaluation of backbone models'!$B$2/50))))} -> 1.0728952 | G16: {=EXP(INDIRECT("'3-branch model Rjb'!F"&X16)+INDIRECT("'3-branch model Rjb'!G"&X16)*'Evaluation of backbone models'!$B$1+INDIRECT("'3-branch model Rjb'!H"&X16)*(8.5-'Evaluation of backbone models'!$B$1)^2+INDIRECT("'3-branch model Rjb'!I"&X16)*LN(SQRT('Evaluation of backbone models'!$B$2^2+(INDIRECT("'3-branch model Rjb'!L"&X16)*EXP(INDIRECT("'3-branch model Rjb'!M"&X16)*'Evaluation of backbone models'!$B$1))^2))+(INDIRECT("'3-branch model Rjb'!J"&X16)+INDIRECT("'3-branch model Rjb'!K"&X16)*'Evaluation of backbone models'!$B$1)*'Evaluation of backbone models'!$B$2+IF('Evaluation of backbone models'!$B$2<=50,0,IF('Evaluation of backbone models'!$B$2>100,INDIRECT("'3-branch model Rjb'!N"&X16)*LN($B$2/50)+INDIRECT("'3-branch model Rjb'!O"&X16)*LN('Evaluation of backbone models'!$B$2/100),INDIRECT("'3-branch model Rjb'!N"&X16)*LN('Evaluation of backbone models'!$B$2/50))))} -> 1.5550518 | H16: {=EXP(INDIRECT("'5-branch model Rjb'!F"&Y16)+INDIRECT("'5-branch model Rjb'!G"&Y16)*'Evaluation of backbone models'!$B$1+INDIRECT("'5-branch model Rjb'!H"&Y16)*(8.5-'Evaluation of backbone models'!$B$1)^2+INDIRECT("'5-branch model Rjb'!I"&Y16)*LN(SQRT('Evaluation of backbone models'!$B$2^2+(INDIRECT("'5-branch model Rjb'!L"&Y16)*EXP(INDIRECT("'5-branch model Rjb'!M"&Y16)*'Evaluation of backbone models'!$B$1))^2))+(INDIRECT("'5-branch model Rjb'!J"&Y16)+INDIRECT("'5-branch model Rjb'!K"&Y16)*'Evaluation of backbone models'!$B$1)*'Evaluation of backbone models'!$B$2+IF('Evaluation of backbone models'!$B$2<=50,0,IF('Evaluation of backbone models'!$B$2>100,INDIRECT("'5-branch model Rjb'!N"&Y16)*LN($B$2/50)+INDIRECT("'5-branch model Rjb'!O"&Y16)*LN('Evaluation of backbone models'!$B$2/100),INDIRECT("'5-branch model Rjb'!N"&Y16)*LN('Evaluation of backbone models'!$B$2/50))))} -> 0.39507021 | I16: {=EXP(INDIRECT("'5-branch model Rjb'!F"&Z16)+INDIRECT("'5-branch model Rjb'!G"&Z16)*'Evaluation of backbone models'!$B$1+INDIRECT("'5-branch model Rjb'!H"&Z16)*(8.5-'Evaluation of backbone models'!$B$1)^2+INDIRECT("'5-branch model Rjb'!I"&Z16)*LN(SQRT('Evaluation of backbone models'!$B$2^2+(INDIRECT("'5-branch model Rjb'!L"&Z16)*EXP(INDIRECT("'5-branch model Rjb'!M"&Z16)*'Evaluation of backbone models'!$B$1))^2))+(INDIRECT("'5-branch model Rjb'!J"&Z16)+INDIRECT("'5-branch model Rjb'!K"&Z16)*'Evaluation of backbone models'!$B$1)*'Evaluation of backbone models'!$B$2+IF('Evaluation of backbone models'!$B$2<=50,0,IF('Evaluation of backbone models'!$B$2>100,INDIRECT("'5-branch model Rjb'!N"&Z16)*LN($B$2/50)+INDIRECT("'5-branch model Rjb'!O"&Z16)*LN('Evaluation of backbone models'!$B$2/100),INDIRECT("'5-branch model Rjb'!N"&Z16)*LN('Evaluation of backbone models'!$B$2/50))))} -> 0.9781982 | J16: {=EXP(INDIRECT("'5-branch model Rjb'!F"&AA16)+INDIRECT("'5-branch model Rjb'!G"&AA16)*'Evaluation of backbone models'!$B$1+INDIRECT("'5-branch model Rjb'!H"&AA16)*(8.5-'Evaluation of backbone models'!$B$1)^2+INDIRECT("'5-branch model Rjb'!I"&AA16)*LN(SQRT('Evaluation of backbone models'!$B$2^2+(INDIRECT("'5-branch model Rjb'!L"&AA16)*EXP(INDIRECT("'5-branch model Rjb'!M"&AA16)*'Evaluation of backbone models'!$B$1))^2))+(INDIRECT("'5-branch model Rjb'!J"&AA16)+INDIRECT("'5-branch model Rjb'!K"&AA16)*'Evaluation of backbone models'!$B$1)*'Evaluation of backbone models'!$B$2+IF('Evaluation of backbone models'!$B$2<=50,0,IF('Evaluation of backbone models'!$B$2>100,INDIRECT("'5-branch model Rjb'!N"&AA16)*LN($B$2/50)+INDIRECT("'5-branch model Rjb'!O"&AA16)*LN('Evaluation of backbone models'!$B$2/100),INDIRECT("'5-branch model Rjb'!N"&AA16)*LN('Evaluation of backbone models'!$B$2/50))))} -> 1.0422916 | K16: {=EXP(INDIRECT("'5-branch model Rjb'!F"&AB16)+INDIRECT("'5-branch model Rjb'!G"&AB16)*'Evaluation of backbone models'!$B$1+INDIRECT("'5-branch model Rjb'!H"&AB16)*(8.5-'Evaluation of backbone models'!$B$1)^2+INDIRECT("'5-branch model Rjb'!I"&AB16)*LN(SQRT('Evaluation of backbone models'!$B$2^2+(INDIRECT("'5-branch model Rjb'!L"&AB16)*EXP(INDIRECT("'5-branch model Rjb'!M"&AB16)*'Evaluation of backbone models'!$B$1))^2))+(INDIRECT("'5-branch model Rjb'!J"&AB16)+INDIRECT("'5-branch model Rjb'!K"&AB16)*'Evaluation of backbone models'!$B$1)*'Evaluation of backbone models'!$B$2+IF('Evaluation of backbone models'!$B$2<=50,0,IF('Evaluation of backbone models'!$B$2>100,INDIRECT("'5-branch model Rjb'!N"&AB16)*LN($B$2/50)+INDIRECT("'5-branch model Rjb'!O"&AB16)*LN('Evaluation of backbone models'!$B$2/100),INDIRECT("'5-branch model Rjb'!N"&AB16)*LN('Evaluation of backbone models'!$B$2/50))))} -> 1.1303927 | L16: {=EXP(INDIRECT("'5-branch model Rjb'!F"&AC16)+INDIRECT("'5-branch model Rjb'!G"&AC16)*'Evaluation of backbone models'!$B$1+INDIRECT("'5-branch model Rjb'!H"&AC16)*(8.5-'Evaluation of backbone models'!$B$1)^2+INDIRECT("'5-branch model Rjb'!I"&AC16)*LN(SQRT('Evaluation of backbone models'!$B$2^2+(INDIRECT("'5-branch model Rjb'!L"&AC16)*EXP(INDIRECT("'5-branch model Rjb'!M"&AC16)*'Evaluation of backbone models'!$B$1))^2))+(INDIRECT("'5-branch model Rjb'!J"&AC16)+INDIRECT("'5-branch model Rjb'!K"&AC16)*'Evaluation of backbone models'!$B$1)*'Evaluation of backbone models'!$B$2+IF('Evaluation of backbone models'!$B$2<=50,0,IF('Evaluation of backbone models'!$B$2>100,INDIRECT("'5-branch model Rjb'!N"&AC16)*LN($B$2/50)+INDIRECT("'5-branch model Rjb'!O"&AC16)*LN('Evaluation of backbone models'!$B$2/100),INDIRECT("'5-branch model Rjb'!N"&AC16)*LN('Evaluation of backbone models'!$B$2/50))))} -> 1.5562467 | M16: {=EXP(INDIRECT("'5-branch model Rjb'!F"&AD16)+INDIRECT("'5-branch model Rjb'!G"&AD16)*'Evaluation of backbone models'!$B$1+INDIRECT("'5-branch model Rjb'!H"&AD16)*(8.5-'Evaluation of backbone models'!$B$1)^2+INDIRECT("'5-branch model Rjb'!I"&AD16)*LN(SQRT('Evaluation of backbone models'!$B$2^2+(INDIRECT("'5-branch model Rjb'!L"&AD16)*EXP(INDIRECT("'5-branch model Rjb'!M"&AD16)*'Evaluation of backbone models'!$B$1))^2))+(INDIRECT("'5-branch model Rjb'!J"&AD16)+INDIRECT("'5-branch model Rjb'!K"&AD16)*'Evaluation of backbone models'!$B$1)*'Evaluation of backbone models'!$B$2+IF('Evaluation of backbone models'!$B$2<=50,0,IF('Evaluation of backbone models'!$B$2>100,INDIRECT("'5-branch model Rjb'!N"&AD16)*LN($B$2/50)+INDIRECT("'5-branch model Rjb'!O"&AD16)*LN('Evaluation of backbone models'!$B$2/100),INDIRECT("'5-branch model Rjb'!N"&AD16)*LN('Evaluation of backbone models'!$B$2/50))))} -> 0.45114948 | N16: {=EXP(INDIRECT("'5-branch model Rjb'!F"&AE16)+INDIRECT("'5-branch model Rjb'!G"&AE16)*'Evaluation of backbone models'!$B$1+INDIRECT("'5-branch model Rjb'!H"&AE16)*(8.5-'Evaluation of backbone models'!$B$1)^2+INDIRECT("'5-branch model Rjb'!I"&AE16)*LN(SQRT('Evaluation of backbone models'!$B$2^2+(INDIRECT("'5-branch model Rjb'!L"&AE16)*EXP(INDIRECT("'5-branch model Rjb'!M"&AE16)*'Evaluation of backbone models'!$B$1))^2))+(INDIRECT("'5-branch model Rjb'!J"&AE16)+INDIRECT("'5-branch model Rjb'!K"&AE16)*'Evaluation of backbone models'!$B$1)*'Evaluation of backbone models'!$B$2+IF('Evaluation of backbone models'!$B$2<=50,0,IF('Evaluation of backbone models'!$B$2>100,INDIRECT("'5-branch model Rjb'!N"&AE16)*LN($B$2/50)+INDIRECT("'5-branch model Rjb'!O"&AE16)*LN('Evaluation of backbone models'!$B$2/100),INDIRECT("'5-branch model Rjb'!N"&AE16)*LN('Evaluation of backbone models'!$B$2/50))))} -> 0.99260798 | O16: {=EXP(INDIRECT("'5-branch model Rjb'!F"&AF16)+INDIRECT("'5-branch model Rjb'!G"&AF16)*'Evaluation of backbone models'!$B$1+INDIRECT("'5-branch model Rjb'!H"&AF16)*(8.5-'Evaluation of backbone models'!$B$1)^2+INDIRECT("'5-branch model Rjb'!I"&AF16)*LN(SQRT('Evaluation of backbone models'!$B$2^2+(INDIRECT("'5-branch model Rjb'!L"&AF16)*EXP(INDIRECT("'5-branch model Rjb'!M"&AF16)*'Evaluation of backbone models'!$B$1))^2))+(INDIRECT("'5-branch model Rjb'!J"&AF16)+INDIRECT("'5-branch model Rjb'!K"&AF16)*'Evaluation of backbone models'!$B$1)*'Evaluation of backbone models'!$B$2+IF('Evaluation of backbone models'!$B$2<=50,0,IF('Evaluation of backbone models'!$B$2>100,INDIRECT("'5-branch model Rjb'!N"&AF16)*LN($B$2/50)+INDIRECT("'5-branch model Rjb'!O"&AF16)*LN('Evaluation of backbone models'!$B$2/100),INDIRECT("'5-branch model Rjb'!N"&AF16)*LN('Evaluation of backbone models'!$B$2/50))))} -> 1.0743614 | ... Q16: {=EXP(INDIRECT("'5-branch model Rjb'!F"&AH16)+INDIRECT("'5-branch model Rjb'!G"&AH16)*'Evaluation of backbone models'!$B$1+INDIRECT("'5-branch model Rjb'!H"&AH16)*(8.5-'Evaluation of backbone models'!$B$1)^2+INDIRECT("'5-branch model Rjb'!I"&AH16)*LN(SQRT('Evaluation of backbone models'!$B$2^2+(INDIRECT("'5-branch model Rjb'!L"&AH16)*EXP(INDIRECT("'5-branch model Rjb'!M"&AH16)*'Evaluation of backbone models'!$B$1))^2))+(INDIRECT("'5-branch model Rjb'!J"&AH16)+INDIRECT("'5-branch model Rjb'!K"&AH16)*'Evaluation of backbone models'!$B$1)*'Evaluation of backbone models'!$B$2+IF('Evaluation of backbone models'!$B$2<=50,0,IF('Evaluation of backbone models'!$B$2>100,INDIRECT("'5-branch model Rjb'!N"&AH16)*LN($B$2/50)+INDIRECT("'5-branch model Rjb'!O"&AH16)*LN('Evaluation of backbone models'!$B$2/100),INDIRECT("'5-branch model Rjb'!N"&AH16)*LN('Evaluation of backbone models'!$B$2/50))))} -> 1.5808366 | S16: 32 | T16: 33 | U16: 34 | V16: =S16+57 -> 89 | W16: =T16+57 -> 90 | X16: =U16+57 -> 91 | Y16: 52 | Z16: 53 | AA16: 54 | AB16: 55 | AC16: 56 | AD16: 147 | AE16: 148 | AF16: 149 | AG16: 150 | AH16: 151 | AI16: =('[1]Evaluation of backbone models'!B16-B16)/'[1]Evaluation of backbone models'!B16 -> -0.00095823786 | AJ16: =('[1]Evaluation of backbone models'!C16-C16)/'[1]Evaluation of backbone models'!C16 -> 0.030372285 | AK16: =('[1]Evaluation of backbone models'!D16-D16)/'[1]Evaluation of backbone models'!D16 -> 0.017366603 | AL16: =('[1]Evaluation of backbone models'!E16-E16)/'[1]Evaluation of backbone models'!E16 -> 0.0031539843 | AM16: =('[1]Evaluation of backbone models'!F16-F16)/'[1]Evaluation of backbone models'!F16 -> 0.0014571597 | AN16: =('[1]Evaluation of backbone models'!G16-G16)/'[1]Evaluation of backbone models'!G16 -> -5.413064e-05
A17: 1 | B17: {=EXP(INDIRECT("'3-branch model Rjb'!F"&S17)+INDIRECT("'3-branch model Rjb'!G"&S17)*'Evaluation of backbone models'!$B$1+INDIRECT("'3-branch model Rjb'!H"&S17)*(8.5-'Evaluation of backbone models'!$B$1)^2+INDIRECT("'3-branch model Rjb'!I"&S17)*LN(SQRT('Evaluation of backbone models'!$B$2^2+(INDIRECT("'3-branch model Rjb'!L"&S17)*EXP(INDIRECT("'3-branch model Rjb'!M"&S17)*'Evaluation of backbone models'!$B$1))^2))+(INDIRECT("'3-branch model Rjb'!J"&S17)+INDIRECT("'3-branch model Rjb'!K"&S17)*'Evaluation of backbone models'!$B$1)*'Evaluation of backbone models'!$B$2+IF('Evaluation of backbone models'!$B$2<=50,0,IF('Evaluation of backbone models'!$B$2>100,INDIRECT("'3-branch model Rjb'!N"&S17)*LN($B$2/50)+INDIRECT("'3-branch model Rjb'!O"&S17)*LN('Evaluation of backbone models'!$B$2/100),INDIRECT("'3-branch model Rjb'!N"&S17)*LN('Evaluation of backbone models'!$B$2/50))))} -> 0.29077057 | C17: {=EXP(INDIRECT("'3-branch model Rjb'!F"&T17)+INDIRECT("'3-branch model Rjb'!G"&T17)*'Evaluation of backbone models'!$B$1+INDIRECT("'3-branch model Rjb'!H"&T17)*(8.5-'Evaluation of backbone models'!$B$1)^2+INDIRECT("'3-branch model Rjb'!I"&T17)*LN(SQRT('Evaluation of backbone models'!$B$2^2+(INDIRECT("'3-branch model Rjb'!L"&T17)*EXP(INDIRECT("'3-branch model Rjb'!M"&T17)*'Evaluation of backbone models'!$B$1))^2))+(INDIRECT("'3-branch model Rjb'!J"&T17)+INDIRECT("'3-branch model Rjb'!K"&T17)*'Evaluation of backbone models'!$B$1)*'Evaluation of backbone models'!$B$2+IF('Evaluation of backbone models'!$B$2<=50,0,IF('Evaluation of backbone models'!$B$2>100,INDIRECT("'3-branch model Rjb'!N"&T17)*LN($B$2/50)+INDIRECT("'3-branch model Rjb'!O"&T17)*LN('Evaluation of backbone models'!$B$2/100),INDIRECT("'3-branch model Rjb'!N"&T17)*LN('Evaluation of backbone models'!$B$2/50))))} -> 0.7140223 | D17: {=EXP(INDIRECT("'3-branch model Rjb'!F"&U17)+INDIRECT("'3-branch model Rjb'!G"&U17)*'Evaluation of backbone models'!$B$1+INDIRECT("'3-branch model Rjb'!H"&U17)*(8.5-'Evaluation of backbone models'!$B$1)^2+INDIRECT("'3-branch model Rjb'!I"&U17)*LN(SQRT('Evaluation of backbone models'!$B$2^2+(INDIRECT("'3-branch model Rjb'!L"&U17)*EXP(INDIRECT("'3-branch model Rjb'!M"&U17)*'Evaluation of backbone models'!$B$1))^2))+(INDIRECT("'3-branch model Rjb'!J"&U17)+INDIRECT("'3-branch model Rjb'!K"&U17)*'Evaluation of backbone models'!$B$1)*'Evaluation of backbone models'!$B$2+IF('Evaluation of backbone models'!$B$2<=50,0,IF('Evaluation of backbone models'!$B$2>100,INDIRECT("'3-branch model Rjb'!N"&U17)*LN($B$2/50)+INDIRECT("'3-branch model Rjb'!O"&U17)*LN('Evaluation of backbone models'!$B$2/100),INDIRECT("'3-branch model Rjb'!N"&U17)*LN('Evaluation of backbone models'!$B$2/50))))} -> 1.041818 | E17: {=EXP(INDIRECT("'3-branch model Rjb'!F"&V17)+INDIRECT("'3-branch model Rjb'!G"&V17)*'Evaluation of backbone models'!$B$1+INDIRECT("'3-branch model Rjb'!H"&V17)*(8.5-'Evaluation of backbone models'!$B$1)^2+INDIRECT("'3-branch model Rjb'!I"&V17)*LN(SQRT('Evaluation of backbone models'!$B$2^2+(INDIRECT("'3-branch model Rjb'!L"&V17)*EXP(INDIRECT("'3-branch model Rjb'!M"&V17)*'Evaluation of backbone models'!$B$1))^2))+(INDIRECT("'3-branch model Rjb'!J"&V17)+INDIRECT("'3-branch model Rjb'!K"&V17)*'Evaluation of backbone models'!$B$1)*'Evaluation of backbone models'!$B$2+IF('Evaluation of backbone models'!$B$2<=50,0,IF('Evaluation of backbone models'!$B$2>100,INDIRECT("'3-branch model Rjb'!N"&V17)*LN($B$2/50)+INDIRECT("'3-branch model Rjb'!O"&V17)*LN('Evaluation of backbone models'!$B$2/100),INDIRECT("'3-branch model Rjb'!N"&V17)*LN('Evaluation of backbone models'!$B$2/50))))} -> 0.33193865 | F17: {=EXP(INDIRECT("'3-branch model Rjb'!F"&W17)+INDIRECT("'3-branch model Rjb'!G"&W17)*'Evaluation of backbone models'!$B$1+INDIRECT("'3-branch model Rjb'!H"&W17)*(8.5-'Evaluation of backbone models'!$B$1)^2+INDIRECT("'3-branch model Rjb'!I"&W17)*LN(SQRT('Evaluation of backbone models'!$B$2^2+(INDIRECT("'3-branch model Rjb'!L"&W17)*EXP(INDIRECT("'3-branch model Rjb'!M"&W17)*'Evaluation of backbone models'!$B$1))^2))+(INDIRECT("'3-branch model Rjb'!J"&W17)+INDIRECT("'3-branch model Rjb'!K"&W17)*'Evaluation of backbone models'!$B$1)*'Evaluation of backbone models'!$B$2+IF('Evaluation of backbone models'!$B$2<=50,0,IF('Evaluation of backbone models'!$B$2>100,INDIRECT("'3-branch model Rjb'!N"&W17)*LN($B$2/50)+INDIRECT("'3-branch model Rjb'!O"&W17)*LN('Evaluation of backbone models'!$B$2/100),INDIRECT("'3-branch model Rjb'!N"&W17)*LN('Evaluation of backbone models'!$B$2/50))))} -> 0.73867828 | G17: {=EXP(INDIRECT("'3-branch model Rjb'!F"&X17)+INDIRECT("'3-branch model Rjb'!G"&X17)*'Evaluation of backbone models'!$B$1+INDIRECT("'3-branch model Rjb'!H"&X17)*(8.5-'Evaluation of backbone models'!$B$1)^2+INDIRECT("'3-branch model Rjb'!I"&X17)*LN(SQRT('Evaluation of backbone models'!$B$2^2+(INDIRECT("'3-branch model Rjb'!L"&X17)*EXP(INDIRECT("'3-branch model Rjb'!M"&X17)*'Evaluation of backbone models'!$B$1))^2))+(INDIRECT("'3-branch model Rjb'!J"&X17)+INDIRECT("'3-branch model Rjb'!K"&X17)*'Evaluation of backbone models'!$B$1)*'Evaluation of backbone models'!$B$2+IF('Evaluation of backbone models'!$B$2<=50,0,IF('Evaluation of backbone models'!$B$2>100,INDIRECT("'3-branch model Rjb'!N"&X17)*LN($B$2/50)+INDIRECT("'3-branch model Rjb'!O"&X17)*LN('Evaluation of backbone models'!$B$2/100),INDIRECT("'3-branch model Rjb'!N"&X17)*LN('Evaluation of backbone models'!$B$2/50))))} -> 1.0458461 | H17: {=EXP(INDIRECT("'5-branch model Rjb'!F"&Y17)+INDIRECT("'5-branch model Rjb'!G"&Y17)*'Evaluation of backbone models'!$B$1+INDIRECT("'5-branch model Rjb'!H"&Y17)*(8.5-'Evaluation of backbone models'!$B$1)^2+INDIRECT("'5-branch model Rjb'!I"&Y17)*LN(SQRT('Evaluation of backbone models'!$B$2^2+(INDIRECT("'5-branch model Rjb'!L"&Y17)*EXP(INDIRECT("'5-branch model Rjb'!M"&Y17)*'Evaluation of backbone models'!$B$1))^2))+(INDIRECT("'5-branch model Rjb'!J"&Y17)+INDIRECT("'5-branch model Rjb'!K"&Y17)*'Evaluation of backbone models'!$B$1)*'Evaluation of backbone models'!$B$2+IF('Evaluation of backbone models'!$B$2<=50,0,IF('Evaluation of backbone models'!$B$2>100,INDIRECT("'5-branch model Rjb'!N"&Y17)*LN($B$2/50)+INDIRECT("'5-branch model Rjb'!O"&Y17)*LN('Evaluation of backbone models'!$B$2/100),INDIRECT("'5-branch model Rjb'!N"&Y17)*LN('Evaluation of backbone models'!$B$2/50))))} -> 0.28722684 | I17: {=EXP(INDIRECT("'5-branch model Rjb'!F"&Z17)+INDIRECT("'5-branch model Rjb'!G"&Z17)*'Evaluation of backbone models'!$B$1+INDIRECT("'5-branch model Rjb'!H"&Z17)*(8.5-'Evaluation of backbone models'!$B$1)^2+INDIRECT("'5-branch model Rjb'!I"&Z17)*LN(SQRT('Evaluation of backbone models'!$B$2^2+(INDIRECT("'5-branch model Rjb'!L"&Z17)*EXP(INDIRECT("'5-branch model Rjb'!M"&Z17)*'Evaluation of backbone models'!$B$1))^2))+(INDIRECT("'5-branch model Rjb'!J"&Z17)+INDIRECT("'5-branch model Rjb'!K"&Z17)*'Evaluation of backbone models'!$B$1)*'Evaluation of backbone models'!$B$2+IF('Evaluation of backbone models'!$B$2<=50,0,IF('Evaluation of backbone models'!$B$2>100,INDIRECT("'5-branch model Rjb'!N"&Z17)*LN($B$2/50)+INDIRECT("'5-branch model Rjb'!O"&Z17)*LN('Evaluation of backbone models'!$B$2/100),INDIRECT("'5-branch model Rjb'!N"&Z17)*LN('Evaluation of backbone models'!$B$2/50))))} -> 0.68611475 | J17: {=EXP(INDIRECT("'5-branch model Rjb'!F"&AA17)+INDIRECT("'5-branch model Rjb'!G"&AA17)*'Evaluation of backbone models'!$B$1+INDIRECT("'5-branch model Rjb'!H"&AA17)*(8.5-'Evaluation of backbone models'!$B$1)^2+INDIRECT("'5-branch model Rjb'!I"&AA17)*LN(SQRT('Evaluation of backbone models'!$B$2^2+(INDIRECT("'5-branch model Rjb'!L"&AA17)*EXP(INDIRECT("'5-branch model Rjb'!M"&AA17)*'Evaluation of backbone models'!$B$1))^2))+(INDIRECT("'5-branch model Rjb'!J"&AA17)+INDIRECT("'5-branch model Rjb'!K"&AA17)*'Evaluation of backbone models'!$B$1)*'Evaluation of backbone models'!$B$2+IF('Evaluation of backbone models'!$B$2<=50,0,IF('Evaluation of backbone models'!$B$2>100,INDIRECT("'5-branch model Rjb'!N"&AA17)*LN($B$2/50)+INDIRECT("'5-branch model Rjb'!O"&AA17)*LN('Evaluation of backbone models'!$B$2/100),INDIRECT("'5-branch model Rjb'!N"&AA17)*LN('Evaluation of backbone models'!$B$2/50))))} -> 0.71428434 | K17: {=EXP(INDIRECT("'5-branch model Rjb'!F"&AB17)+INDIRECT("'5-branch model Rjb'!G"&AB17)*'Evaluation of backbone models'!$B$1+INDIRECT("'5-branch model Rjb'!H"&AB17)*(8.5-'Evaluation of backbone models'!$B$1)^2+INDIRECT("'5-branch model Rjb'!I"&AB17)*LN(SQRT('Evaluation of backbone models'!$B$2^2+(INDIRECT("'5-branch model Rjb'!L"&AB17)*EXP(INDIRECT("'5-branch model Rjb'!M"&AB17)*'Evaluation of backbone models'!$B$1))^2))+(INDIRECT("'5-branch model Rjb'!J"&AB17)+INDIRECT("'5-branch model Rjb'!K"&AB17)*'Evaluation of backbone models'!$B$1)*'Evaluation of backbone models'!$B$2+IF('Evaluation of backbone models'!$B$2<=50,0,IF('Evaluation of backbone models'!$B$2>100,INDIRECT("'5-branch model Rjb'!N"&AB17)*LN($B$2/50)+INDIRECT("'5-branch model Rjb'!O"&AB17)*LN('Evaluation of backbone models'!$B$2/100),INDIRECT("'5-branch model Rjb'!N"&AB17)*LN('Evaluation of backbone models'!$B$2/50))))} -> 0.76866158 | L17: {=EXP(INDIRECT("'5-branch model Rjb'!F"&AC17)+INDIRECT("'5-branch model Rjb'!G"&AC17)*'Evaluation of backbone models'!$B$1+INDIRECT("'5-branch model Rjb'!H"&AC17)*(8.5-'Evaluation of backbone models'!$B$1)^2+INDIRECT("'5-branch model Rjb'!I"&AC17)*LN(SQRT('Evaluation of backbone models'!$B$2^2+(INDIRECT("'5-branch model Rjb'!L"&AC17)*EXP(INDIRECT("'5-branch model Rjb'!M"&AC17)*'Evaluation of backbone models'!$B$1))^2))+(INDIRECT("'5-branch model Rjb'!J"&AC17)+INDIRECT("'5-branch model Rjb'!K"&AC17)*'Evaluation of backbone models'!$B$1)*'Evaluation of backbone models'!$B$2+IF('Evaluation of backbone models'!$B$2<=50,0,IF('Evaluation of backbone models'!$B$2>100,INDIRECT("'5-branch model Rjb'!N"&AC17)*LN($B$2/50)+INDIRECT("'5-branch model Rjb'!O"&AC17)*LN('Evaluation of backbone models'!$B$2/100),INDIRECT("'5-branch model Rjb'!N"&AC17)*LN('Evaluation of backbone models'!$B$2/50))))} -> 1.0464639 | M17: {=EXP(INDIRECT("'5-branch model Rjb'!F"&AD17)+INDIRECT("'5-branch model Rjb'!G"&AD17)*'Evaluation of backbone models'!$B$1+INDIRECT("'5-branch model Rjb'!H"&AD17)*(8.5-'Evaluation of backbone models'!$B$1)^2+INDIRECT("'5-branch model Rjb'!I"&AD17)*LN(SQRT('Evaluation of backbone models'!$B$2^2+(INDIRECT("'5-branch model Rjb'!L"&AD17)*EXP(INDIRECT("'5-branch model Rjb'!M"&AD17)*'Evaluation of backbone models'!$B$1))^2))+(INDIRECT("'5-branch model Rjb'!J"&AD17)+INDIRECT("'5-branch model Rjb'!K"&AD17)*'Evaluation of backbone models'!$B$1)*'Evaluation of backbone models'!$B$2+IF('Evaluation of backbone models'!$B$2<=50,0,IF('Evaluation of backbone models'!$B$2>100,INDIRECT("'5-branch model Rjb'!N"&AD17)*LN($B$2/50)+INDIRECT("'5-branch model Rjb'!O"&AD17)*LN('Evaluation of backbone models'!$B$2/100),INDIRECT("'5-branch model Rjb'!N"&AD17)*LN('Evaluation of backbone models'!$B$2/50))))} -> 0.32901204 | N17: {=EXP(INDIRECT("'5-branch model Rjb'!F"&AE17)+INDIRECT("'5-branch model Rjb'!G"&AE17)*'Evaluation of backbone models'!$B$1+INDIRECT("'5-branch model Rjb'!H"&AE17)*(8.5-'Evaluation of backbone models'!$B$1)^2+INDIRECT("'5-branch model Rjb'!I"&AE17)*LN(SQRT('Evaluation of backbone models'!$B$2^2+(INDIRECT("'5-branch model Rjb'!L"&AE17)*EXP(INDIRECT("'5-branch model Rjb'!M"&AE17)*'Evaluation of backbone models'!$B$1))^2))+(INDIRECT("'5-branch model Rjb'!J"&AE17)+INDIRECT("'5-branch model Rjb'!K"&AE17)*'Evaluation of backbone models'!$B$1)*'Evaluation of backbone models'!$B$2+IF('Evaluation of backbone models'!$B$2<=50,0,IF('Evaluation of backbone models'!$B$2>100,INDIRECT("'5-branch model Rjb'!N"&AE17)*LN($B$2/50)+INDIRECT("'5-branch model Rjb'!O"&AE17)*LN('Evaluation of backbone models'!$B$2/100),INDIRECT("'5-branch model Rjb'!N"&AE17)*LN('Evaluation of backbone models'!$B$2/50))))} -> 0.69330315 | O17: {=EXP(INDIRECT("'5-branch model Rjb'!F"&AF17)+INDIRECT("'5-branch model Rjb'!G"&AF17)*'Evaluation of backbone models'!$B$1+INDIRECT("'5-branch model Rjb'!H"&AF17)*(8.5-'Evaluation of backbone models'!$B$1)^2+INDIRECT("'5-branch model Rjb'!I"&AF17)*LN(SQRT('Evaluation of backbone models'!$B$2^2+(INDIRECT("'5-branch model Rjb'!L"&AF17)*EXP(INDIRECT("'5-branch model Rjb'!M"&AF17)*'Evaluation of backbone models'!$B$1))^2))+(INDIRECT("'5-branch model Rjb'!J"&AF17)+INDIRECT("'5-branch model Rjb'!K"&AF17)*'Evaluation of backbone models'!$B$1)*'Evaluation of backbone models'!$B$2+IF('Evaluation of backbone models'!$B$2<=50,0,IF('Evaluation of backbone models'!$B$2>100,INDIRECT("'5-branch model Rjb'!N"&AF17)*LN($B$2/50)+INDIRECT("'5-branch model Rjb'!O"&AF17)*LN('Evaluation of backbone models'!$B$2/100),INDIRECT("'5-branch model Rjb'!N"&AF17)*LN('Evaluation of backbone models'!$B$2/50))))} -> 0.73946568 | ... Q17: {=EXP(INDIRECT("'5-branch model Rjb'!F"&AH17)+INDIRECT("'5-branch model Rjb'!G"&AH17)*'Evaluation of backbone models'!$B$1+INDIRECT("'5-branch model Rjb'!H"&AH17)*(8.5-'Evaluation of backbone models'!$B$1)^2+INDIRECT("'5-branch model Rjb'!I"&AH17)*LN(SQRT('Evaluation of backbone models'!$B$2^2+(INDIRECT("'5-branch model Rjb'!L"&AH17)*EXP(INDIRECT("'5-branch model Rjb'!M"&AH17)*'Evaluation of backbone models'!$B$1))^2))+(INDIRECT("'5-branch model Rjb'!J"&AH17)+INDIRECT("'5-branch model Rjb'!K"&AH17)*'Evaluation of backbone models'!$B$1)*'Evaluation of backbone models'!$B$2+IF('Evaluation of backbone models'!$B$2<=50,0,IF('Evaluation of backbone models'!$B$2>100,INDIRECT("'5-branch model Rjb'!N"&AH17)*LN($B$2/50)+INDIRECT("'5-branch model Rjb'!O"&AH17)*LN('Evaluation of backbone models'!$B$2/100),INDIRECT("'5-branch model Rjb'!N"&AH17)*LN('Evaluation of backbone models'!$B$2/50))))} -> 1.0581243 | S17: 35 | T17: 36 | U17: 37 | V17: =S17+57 -> 92 | W17: =T17+57 -> 93 | X17: =U17+57 -> 94 | Y17: 57 | Z17: 58 | AA17: 59 | AB17: 60 | AC17: 61 | AD17: 152 | AE17: 153 | AF17: 154 | AG17: 155 | AH17: 156 | AI17: =('[1]Evaluation of backbone models'!B17-B17)/'[1]Evaluation of backbone models'!B17 -> -0.0023223037 | AJ17: =('[1]Evaluation of backbone models'!C17-C17)/'[1]Evaluation of backbone models'!C17 -> 0.034703759 | AK17: =('[1]Evaluation of backbone models'!D17-D17)/'[1]Evaluation of backbone models'!D17 -> 0.013098481 | AL17: =('[1]Evaluation of backbone models'!E17-E17)/'[1]Evaluation of backbone models'!E17 -> 0.0033342015 | AM17: =('[1]Evaluation of backbone models'!F17-F17)/'[1]Evaluation of backbone models'!F17 -> 0.0010569857 | AN17: =('[1]Evaluation of backbone models'!G17-G17)/'[1]Evaluation of backbone models'!G17 -> 0.00014772805
... A24: 10 | B24: {=EXP(INDIRECT("'3-branch model Rjb'!F"&S24)+INDIRECT("'3-branch model Rjb'!G"&S24)*'Evaluation of backbone models'!$B$1+INDIRECT("'3-branch model Rjb'!H"&S24)*(8.5-'Evaluation of backbone models'!$B$1)^2+INDIRECT("'3-branch model Rjb'!I"&S24)*LN(SQRT('Evaluation of backbone models'!$B$2^2+(INDIRECT("'3-branch model Rjb'!L"&S24)*EXP(INDIRECT("'3-branch model Rjb'!M"&S24)*'Evaluation of backbone models'!$B$1))^2))+(INDIRECT("'3-branch model Rjb'!J"&S24)+INDIRECT("'3-branch model Rjb'!K"&S24)*'Evaluation of backbone models'!$B$1)*'Evaluation of backbone models'!$B$2+IF('Evaluation of backbone models'!$B$2<=50,0,IF('Evaluation of backbone models'!$B$2>100,INDIRECT("'3-branch model Rjb'!N"&S24)*LN($B$2/50)+INDIRECT("'3-branch model Rjb'!O"&S24)*LN('Evaluation of backbone models'!$B$2/100),INDIRECT("'3-branch model Rjb'!N"&S24)*LN('Evaluation of backbone models'!$B$2/50))))} -> 0.0055710804 | C24: {=EXP(INDIRECT("'3-branch model Rjb'!F"&T24)+INDIRECT("'3-branch model Rjb'!G"&T24)*'Evaluation of backbone models'!$B$1+INDIRECT("'3-branch model Rjb'!H"&T24)*(8.5-'Evaluation of backbone models'!$B$1)^2+INDIRECT("'3-branch model Rjb'!I"&T24)*LN(SQRT('Evaluation of backbone models'!$B$2^2+(INDIRECT("'3-branch model Rjb'!L"&T24)*EXP(INDIRECT("'3-branch model Rjb'!M"&T24)*'Evaluation of backbone models'!$B$1))^2))+(INDIRECT("'3-branch model Rjb'!J"&T24)+INDIRECT("'3-branch model Rjb'!K"&T24)*'Evaluation of backbone models'!$B$1)*'Evaluation of backbone models'!$B$2+IF('Evaluation of backbone models'!$B$2<=50,0,IF('Evaluation of backbone models'!$B$2>100,INDIRECT("'3-branch model Rjb'!N"&T24)*LN($B$2/50)+INDIRECT("'3-branch model Rjb'!O"&T24)*LN('Evaluation of backbone models'!$B$2/100),INDIRECT("'3-branch model Rjb'!N"&T24)*LN('Evaluation of backbone models'!$B$2/50))))} -> 0.0083484386 | D24: {=EXP(INDIRECT("'3-branch model Rjb'!F"&U24)+INDIRECT("'3-branch model Rjb'!G"&U24)*'Evaluation of backbone models'!$B$1+INDIRECT("'3-branch model Rjb'!H"&U24)*(8.5-'Evaluation of backbone models'!$B$1)^2+INDIRECT("'3-branch model Rjb'!I"&U24)*LN(SQRT('Evaluation of backbone models'!$B$2^2+(INDIRECT("'3-branch model Rjb'!L"&U24)*EXP(INDIRECT("'3-branch model Rjb'!M"&U24)*'Evaluation of backbone models'!$B$1))^2))+(INDIRECT("'3-branch model Rjb'!J"&U24)+INDIRECT("'3-branch model Rjb'!K"&U24)*'Evaluation of backbone models'!$B$1)*'Evaluation of backbone models'!$B$2+IF('Evaluation of backbone models'!$B$2<=50,0,IF('Evaluation of backbone models'!$B$2>100,INDIRECT("'3-branch model Rjb'!N"&U24)*LN($B$2/50)+INDIRECT("'3-branch model Rjb'!O"&U24)*LN('Evaluation of backbone models'!$B$2/100),INDIRECT("'3-branch model Rjb'!N"&U24)*LN('Evaluation of backbone models'!$B$2/50))))} -> 0.010306225 | E24: {=EXP(INDIRECT("'3-branch model Rjb'!F"&V24)+INDIRECT("'3-branch model Rjb'!G"&V24)*'Evaluation of backbone models'!$B$1+INDIRECT("'3-branch model Rjb'!H"&V24)*(8.5-'Evaluation of backbone models'!$B$1)^2+INDIRECT("'3-branch model Rjb'!I"&V24)*LN(SQRT('Evaluation of backbone models'!$B$2^2+(INDIRECT("'3-branch model Rjb'!L"&V24)*EXP(INDIRECT("'3-branch model Rjb'!M"&V24)*'Evaluation of backbone models'!$B$1))^2))+(INDIRECT("'3-branch model Rjb'!J"&V24)+INDIRECT("'3-branch model Rjb'!K"&V24)*'Evaluation of backbone models'!$B$1)*'Evaluation of backbone models'!$B$2+IF('Evaluation of backbone models'!$B$2<=50,0,IF('Evaluation of backbone models'!$B$2>100,INDIRECT("'3-branch model Rjb'!N"&V24)*LN($B$2/50)+INDIRECT("'3-branch model Rjb'!O"&V24)*LN('Evaluation of backbone models'!$B$2/100),INDIRECT("'3-branch model Rjb'!N"&V24)*LN('Evaluation of backbone models'!$B$2/50))))} -> 0.0059648691 | F24: {=EXP(INDIRECT("'3-branch model Rjb'!F"&W24)+INDIRECT("'3-branch model Rjb'!G"&W24)*'Evaluation of backbone models'!$B$1+INDIRECT("'3-branch model Rjb'!H"&W24)*(8.5-'Evaluation of backbone models'!$B$1)^2+INDIRECT("'3-branch model Rjb'!I"&W24)*LN(SQRT('Evaluation of backbone models'!$B$2^2+(INDIRECT("'3-branch model Rjb'!L"&W24)*EXP(INDIRECT("'3-branch model Rjb'!M"&W24)*'Evaluation of backbone models'!$B$1))^2))+(INDIRECT("'3-branch model Rjb'!J"&W24)+INDIRECT("'3-branch model Rjb'!K"&W24)*'Evaluation of backbone models'!$B$1)*'Evaluation of backbone models'!$B$2+IF('Evaluation of backbone models'!$B$2<=50,0,IF('Evaluation of backbone models'!$B$2>100,INDIRECT("'3-branch model Rjb'!N"&W24)*LN($B$2/50)+INDIRECT("'3-branch model Rjb'!O"&W24)*LN('Evaluation of backbone models'!$B$2/100),INDIRECT("'3-branch model Rjb'!N"&W24)*LN('Evaluation of backbone models'!$B$2/50))))} -> 0.008902823 | G24: {=EXP(INDIRECT("'3-branch model Rjb'!F"&X24)+INDIRECT("'3-branch model Rjb'!G"&X24)*'Evaluation of backbone models'!$B$1+INDIRECT("'3-branch model Rjb'!H"&X24)*(8.5-'Evaluation of backbone models'!$B$1)^2+INDIRECT("'3-branch model Rjb'!I"&X24)*LN(SQRT('Evaluation of backbone models'!$B$2^2+(INDIRECT("'3-branch model Rjb'!L"&X24)*EXP(INDIRECT("'3-branch model Rjb'!M"&X24)*'Evaluation of backbone models'!$B$1))^2))+(INDIRECT("'3-branch model Rjb'!J"&X24)+INDIRECT("'3-branch model Rjb'!K"&X24)*'Evaluation of backbone models'!$B$1)*'Evaluation of backbone models'!$B$2+IF('Evaluation of backbone models'!$B$2<=50,0,IF('Evaluation of backbone models'!$B$2>100,INDIRECT("'3-branch model Rjb'!N"&X24)*LN($B$2/50)+INDIRECT("'3-branch model Rjb'!O"&X24)*LN('Evaluation of backbone models'!$B$2/100),INDIRECT("'3-branch model Rjb'!N"&X24)*LN('Evaluation of backbone models'!$B$2/50))))} -> 0.010308885 | H24: {=EXP(INDIRECT("'5-branch model Rjb'!F"&Y24)+INDIRECT("'5-branch model Rjb'!G"&Y24)*'Evaluation of backbone models'!$B$1+INDIRECT("'5-branch model Rjb'!H"&Y24)*(8.5-'Evaluation of backbone models'!$B$1)^2+INDIRECT("'5-branch model Rjb'!I"&Y24)*LN(SQRT('Evaluation of backbone models'!$B$2^2+(INDIRECT("'5-branch model Rjb'!L"&Y24)*EXP(INDIRECT("'5-branch model Rjb'!M"&Y24)*'Evaluation of backbone models'!$B$1))^2))+(INDIRECT("'5-branch model Rjb'!J"&Y24)+INDIRECT("'5-branch model Rjb'!K"&Y24)*'Evaluation of backbone models'!$B$1)*'Evaluation of backbone models'!$B$2+IF('Evaluation of backbone models'!$B$2<=50,0,IF('Evaluation of backbone models'!$B$2>100,INDIRECT("'5-branch model Rjb'!N"&Y24)*LN($B$2/50)+INDIRECT("'5-branch model Rjb'!O"&Y24)*LN('Evaluation of backbone models'!$B$2/100),INDIRECT("'5-branch model Rjb'!N"&Y24)*LN('Evaluation of backbone models'!$B$2/50))))} -> 0.0054720761 | I24: {=EXP(INDIRECT("'5-branch model Rjb'!F"&Z24)+INDIRECT("'5-branch model Rjb'!G"&Z24)*'Evaluation of backbone models'!$B$1+INDIRECT("'5-branch model Rjb'!H"&Z24)*(8.5-'Evaluation of backbone models'!$B$1)^2+INDIRECT("'5-branch model Rjb'!I"&Z24)*LN(SQRT('Evaluation of backbone models'!$B$2^2+(INDIRECT("'5-branch model Rjb'!L"&Z24)*EXP(INDIRECT("'5-branch model Rjb'!M"&Z24)*'Evaluation of backbone models'!$B$1))^2))+(INDIRECT("'5-branch model Rjb'!J"&Z24)+INDIRECT("'5-branch model Rjb'!K"&Z24)*'Evaluation of backbone models'!$B$1)*'Evaluation of backbone models'!$B$2+IF('Evaluation of backbone models'!$B$2<=50,0,IF('Evaluation of backbone models'!$B$2>100,INDIRECT("'5-branch model Rjb'!N"&Z24)*LN($B$2/50)+INDIRECT("'5-branch model Rjb'!O"&Z24)*LN('Evaluation of backbone models'!$B$2/100),INDIRECT("'5-branch model Rjb'!N"&Z24)*LN('Evaluation of backbone models'!$B$2/50))))} -> 0.0084354304 | J24: {=EXP(INDIRECT("'5-branch model Rjb'!F"&AA24)+INDIRECT("'5-branch model Rjb'!G"&AA24)*'Evaluation of backbone models'!$B$1+INDIRECT("'5-branch model Rjb'!H"&AA24)*(8.5-'Evaluation of backbone models'!$B$1)^2+INDIRECT("'5-branch model Rjb'!I"&AA24)*LN(SQRT('Evaluation of backbone models'!$B$2^2+(INDIRECT("'5-branch model Rjb'!L"&AA24)*EXP(INDIRECT("'5-branch model Rjb'!M"&AA24)*'Evaluation of backbone models'!$B$1))^2))+(INDIRECT("'5-branch model Rjb'!J"&AA24)+INDIRECT("'5-branch model Rjb'!K"&AA24)*'Evaluation of backbone models'!$B$1)*'Evaluation of backbone models'!$B$2+IF('Evaluation of backbone models'!$B$2<=50,0,IF('Evaluation of backbone models'!$B$2>100,INDIRECT("'5-branch model Rjb'!N"&AA24)*LN($B$2/50)+INDIRECT("'5-branch model Rjb'!O"&AA24)*LN('Evaluation of backbone models'!$B$2/100),INDIRECT("'5-branch model Rjb'!N"&AA24)*LN('Evaluation of backbone models'!$B$2/50))))} -> 0.0083449765 | K24: {=EXP(INDIRECT("'5-branch model Rjb'!F"&AB24)+INDIRECT("'5-branch model Rjb'!G"&AB24)*'Evaluation of backbone models'!$B$1+INDIRECT("'5-branch model Rjb'!H"&AB24)*(8.5-'Evaluation of backbone models'!$B$1)^2+INDIRECT("'5-branch model Rjb'!I"&AB24)*LN(SQRT('Evaluation of backbone models'!$B$2^2+(INDIRECT("'5-branch model Rjb'!L"&AB24)*EXP(INDIRECT("'5-branch model Rjb'!M"&AB24)*'Evaluation of backbone models'!$B$1))^2))+(INDIRECT("'5-branch model Rjb'!J"&AB24)+INDIRECT("'5-branch model Rjb'!K"&AB24)*'Evaluation of backbone models'!$B$1)*'Evaluation of backbone models'!$B$2+IF('Evaluation of backbone models'!$B$2<=50,0,IF('Evaluation of backbone models'!$B$2>100,INDIRECT("'5-branch model Rjb'!N"&AB24)*LN($B$2/50)+INDIRECT("'5-branch model Rjb'!O"&AB24)*LN('Evaluation of backbone models'!$B$2/100),INDIRECT("'5-branch model Rjb'!N"&AB24)*LN('Evaluation of backbone models'!$B$2/50))))} -> 0.0090062258 | L24: {=EXP(INDIRECT("'5-branch model Rjb'!F"&AC24)+INDIRECT("'5-branch model Rjb'!G"&AC24)*'Evaluation of backbone models'!$B$1+INDIRECT("'5-branch model Rjb'!H"&AC24)*(8.5-'Evaluation of backbone models'!$B$1)^2+INDIRECT("'5-branch model Rjb'!I"&AC24)*LN(SQRT('Evaluation of backbone models'!$B$2^2+(INDIRECT("'5-branch model Rjb'!L"&AC24)*EXP(INDIRECT("'5-branch model Rjb'!M"&AC24)*'Evaluation of backbone models'!$B$1))^2))+(INDIRECT("'5-branch model Rjb'!J"&AC24)+INDIRECT("'5-branch model Rjb'!K"&AC24)*'Evaluation of backbone models'!$B$1)*'Evaluation of backbone models'!$B$2+IF('Evaluation of backbone models'!$B$2<=50,0,IF('Evaluation of backbone models'!$B$2>100,INDIRECT("'5-branch model Rjb'!N"&AC24)*LN($B$2/50)+INDIRECT("'5-branch model Rjb'!O"&AC24)*LN('Evaluation of backbone models'!$B$2/100),INDIRECT("'5-branch model Rjb'!N"&AC24)*LN('Evaluation of backbone models'!$B$2/50))))} -> 0.010302047 | M24: {=EXP(INDIRECT("'5-branch model Rjb'!F"&AD24)+INDIRECT("'5-branch model Rjb'!G"&AD24)*'Evaluation of backbone models'!$B$1+INDIRECT("'5-branch model Rjb'!H"&AD24)*(8.5-'Evaluation of backbone models'!$B$1)^2+INDIRECT("'5-branch model Rjb'!I"&AD24)*LN(SQRT('Evaluation of backbone models'!$B$2^2+(INDIRECT("'5-branch model Rjb'!L"&AD24)*EXP(INDIRECT("'5-branch model Rjb'!M"&AD24)*'Evaluation of backbone models'!$B$1))^2))+(INDIRECT("'5-branch model Rjb'!J"&AD24)+INDIRECT("'5-branch model Rjb'!K"&AD24)*'Evaluation of backbone models'!$B$1)*'Evaluation of backbone models'!$B$2+IF('Evaluation of backbone models'!$B$2<=50,0,IF('Evaluation of backbone models'!$B$2>100,INDIRECT("'5-branch model Rjb'!N"&AD24)*LN($B$2/50)+INDIRECT("'5-branch model Rjb'!O"&AD24)*LN('Evaluation of backbone models'!$B$2/100),INDIRECT("'5-branch model Rjb'!N"&AD24)*LN('Evaluation of backbone models'!$B$2/50))))} -> 0.005997192 | N24: {=EXP(INDIRECT("'5-branch model Rjb'!F"&AE24)+INDIRECT("'5-branch model Rjb'!G"&AE24)*'Evaluation of backbone models'!$B$1+INDIRECT("'5-branch model Rjb'!H"&AE24)*(8.5-'Evaluation of backbone models'!$B$1)^2+INDIRECT("'5-branch model Rjb'!I"&AE24)*LN(SQRT('Evaluation of backbone models'!$B$2^2+(INDIRECT("'5-branch model Rjb'!L"&AE24)*EXP(INDIRECT("'5-branch model Rjb'!M"&AE24)*'Evaluation of backbone models'!$B$1))^2))+(INDIRECT("'5-branch model Rjb'!J"&AE24)+INDIRECT("'5-branch model Rjb'!K"&AE24)*'Evaluation of backbone models'!$B$1)*'Evaluation of backbone models'!$B$2+IF('Evaluation of backbone models'!$B$2<=50,0,IF('Evaluation of backbone models'!$B$2>100,INDIRECT("'5-branch model Rjb'!N"&AE24)*LN($B$2/50)+INDIRECT("'5-branch model Rjb'!O"&AE24)*LN('Evaluation of backbone models'!$B$2/100),INDIRECT("'5-branch model Rjb'!N"&AE24)*LN('Evaluation of backbone models'!$B$2/50))))} -> 0.0084479059 | O24: {=EXP(INDIRECT("'5-branch model Rjb'!F"&AF24)+INDIRECT("'5-branch model Rjb'!G"&AF24)*'Evaluation of backbone models'!$B$1+INDIRECT("'5-branch model Rjb'!H"&AF24)*(8.5-'Evaluation of backbone models'!$B$1)^2+INDIRECT("'5-branch model Rjb'!I"&AF24)*LN(SQRT('Evaluation of backbone models'!$B$2^2+(INDIRECT("'5-branch model Rjb'!L"&AF24)*EXP(INDIRECT("'5-branch model Rjb'!M"&AF24)*'Evaluation of backbone models'!$B$1))^2))+(INDIRECT("'5-branch model Rjb'!J"&AF24)+INDIRECT("'5-branch model Rjb'!K"&AF24)*'Evaluation of backbone models'!$B$1)*'Evaluation of backbone models'!$B$2+IF('Evaluation of backbone models'!$B$2<=50,0,IF('Evaluation of backbone models'!$B$2>100,INDIRECT("'5-branch model Rjb'!N"&AF24)*LN($B$2/50)+INDIRECT("'5-branch model Rjb'!O"&AF24)*LN('Evaluation of backbone models'!$B$2/100),INDIRECT("'5-branch model Rjb'!N"&AF24)*LN('Evaluation of backbone models'!$B$2/50))))} -> 0.0088982345 | ... Q24: {=EXP(INDIRECT("'5-branch model Rjb'!F"&AH24)+INDIRECT("'5-branch model Rjb'!G"&AH24)*'Evaluation of backbone models'!$B$1+INDIRECT("'5-branch model Rjb'!H"&AH24)*(8.5-'Evaluation of backbone models'!$B$1)^2+INDIRECT("'5-branch model Rjb'!I"&AH24)*LN(SQRT('Evaluation of backbone models'!$B$2^2+(INDIRECT("'5-branch model Rjb'!L"&AH24)*EXP(INDIRECT("'5-branch model Rjb'!M"&AH24)*'Evaluation of backbone models'!$B$1))^2))+(INDIRECT("'5-branch model Rjb'!J"&AH24)+INDIRECT("'5-branch model Rjb'!K"&AH24)*'Evaluation of backbone models'!$B$1)*'Evaluation of backbone models'!$B$2+IF('Evaluation of backbone models'!$B$2<=50,0,IF('Evaluation of backbone models'!$B$2>100,INDIRECT("'5-branch model Rjb'!N"&AH24)*LN($B$2/50)+INDIRECT("'5-branch model Rjb'!O"&AH24)*LN('Evaluation of backbone models'!$B$2/100),INDIRECT("'5-branch model Rjb'!N"&AH24)*LN('Evaluation of backbone models'!$B$2/50))))} -> 0.010357339 | S24: 56 | T24: 57 | U24: 58 | V24: =S24+57 -> 113 | W24: =T24+57 -> 114 | X24: =U24+57 -> 115 | Y24: 92 | Z24: 93 | AA24: 94 | AB24: 95 | AC24: 96 | AD24: 187 | AE24: 188 | AF24: 189 | AG24: 190 | AH24: 191 | AI24: =('[1]Evaluation of backbone models'!B24-B24)/'[1]Evaluation of backbone models'!B24 -> -0.016575782 | AJ24: =('[1]Evaluation of backbone models'!C24-C24)/'[1]Evaluation of backbone models'!C24 -> 0.021376618 | AK24: =('[1]Evaluation of backbone models'!D24-D24)/'[1]Evaluation of backbone models'!D24 -> 0.0090836334 | AL24: =('[1]Evaluation of backbone models'!E24-E24)/'[1]Evaluation of backbone models'!E24 -> 1.6072296e-05 | AM24: =('[1]Evaluation of backbone models'!F24-F24)/'[1]Evaluation of backbone models'!F24 -> -0.0003804218 | AN24: =('[1]Evaluation of backbone models'!G24-G24)/'[1]Evaluation of backbone models'!G24 -> -0.00085538269
A25: Units are m/s2

Sheet Evaluation of 162-branch model
A1: Moment magnitude (M) | B1: 6.5
A2: Joyner-Boore distance (RJB) | B2: 30
A3: ZTOR | B3: 1 | C3: 1 or 2
A4: Delta sigma | B4: 2 | C4: 1, 2 or 3
A5: kappa | B5: 2 | C5: 1, 2 or 3
A6: Geometric spreading | B6: 3 | C6: 1, 2 or 3
A7: Q | B7: 2 | C7: 1, 2 or 3
A9: Branch number | B9: =81*(B3-1)+27*(B4-1)+9*(B5-1)+3*(B6-1)+B7 -> 44
A10: Original weight | B10: =VLOOKUP($B$9,'162-branch model Rjb'!$G$2:$U$163,2) -> 0.0750141
A11: Updated weights | B11: =VLOOKUP($B$9,'162-branch model Rjb'!$G$2:$U$163,3) -> 0.096781996 | D11: 6 | E11: 7 | F11: 8 | G11: 9 | H11: 10 | I11: 11 | J11: 12 | K11: 13 | L11: 14 | M11: 15
A12: Period (s) | B12: PSA (m/s2) | D12: b1 | E12: b2 | F12: b3 | G12: b4 | H12: b5 | I12: b6 | J12: b7 | K12: b8 | L12: b9 | M12: b10
A13: 0.01 | B13: =EXP(D13+E13*$B$1+F13*(8.5-$B$1)^2+G13*LN(SQRT($B$2^2+(J13*EXP(K13*$B$1))^2))+(H13+I13*$B$1)*$B$2+IF($B$2<=50,0,IF($B$2>100,L13*LN($B$2/50)+M13*LN($B$2/100),L13*LN($B$2/50)))) -> 1.249299 | D13: =VLOOKUP($B$9,'162-branch model Rjb'!$G$2:$U$163,D$11) -> 7.1126667 | E13: =VLOOKUP($B$9,'162-branch model Rjb'!$G$2:$U$163,E$11) -> 0.16845147 | F13: =VLOOKUP($B$9,'162-branch model Rjb'!$G$2:$U$163,F$11) -> -0.17613879 | G13: =VLOOKUP($B$9,'162-branch model Rjb'!$G$2:$U$163,G$11) -> -1.9675796 | H13: =VLOOKUP($B$9,'162-branch model Rjb'!$G$2:$U$163,H$11) -> -0.00680201 | I13: =VLOOKUP($B$9,'162-branch model Rjb'!$G$2:$U$163,I$11) -> 0.00080006 | J13: =VLOOKUP($B$9,'162-branch model Rjb'!$G$2:$U$163,J$11) -> 5.6135041 | K13: =VLOOKUP($B$9,'162-branch model Rjb'!$G$2:$U$163,K$11) -> 0.23383584 | ... M13: =VLOOKUP($B$9,'162-branch model Rjb'!$G$2:$U$163,M$11) -> -1.2443706
A14: 0.025 | B14: =EXP(D14+E14*$B$1+F14*(8.5-$B$1)^2+G14*LN(SQRT($B$2^2+(J14*EXP(K14*$B$1))^2))+(H14+I14*$B$1)*$B$2+IF($B$2<=50,0,IF($B$2>100,L14*LN($B$2/50)+M14*LN($B$2/100),L14*LN($B$2/50)))) -> 1.4785164 | D14: =VLOOKUP($B$9,'162-branch model Rjb'!$G$164:$U$325,D$11) -> 7.537749 | E14: =VLOOKUP($B$9,'162-branch model Rjb'!$G$164:$U$325,E$11) -> 0.2000646 | F14: =VLOOKUP($B$9,'162-branch model Rjb'!$G$164:$U$325,F$11) -> -0.16527911 | G14: =VLOOKUP($B$9,'162-branch model Rjb'!$G$164:$U$325,G$11) -> -2.1027229 | H14: =VLOOKUP($B$9,'162-branch model Rjb'!$G$164:$U$325,H$11) -> -0.00675405 | I14: =VLOOKUP($B$9,'162-branch model Rjb'!$G$164:$U$325,I$11) -> 0.00084893 | J14: =VLOOKUP($B$9,'162-branch model Rjb'!$G$164:$U$325,J$11) -> 6.0222654 | K14: =VLOOKUP($B$9,'162-branch model Rjb'!$G$164:$U$325,K$11) -> 0.22640046 | ... M14: =VLOOKUP($B$9,'162-branch model Rjb'!$G$164:$U$325,M$11) -> -1.2204582
A15: 0.05 | B15: =EXP(D15+E15*$B$1+F15*(8.5-$B$1)^2+G15*LN(SQRT($B$2^2+(J15*EXP(K15*$B$1))^2))+(H15+I15*$B$1)*$B$2+IF($B$2<=50,0,IF($B$2>100,L15*LN($B$2/50)+M15*LN($B$2/100),L15*LN($B$2/50)))) -> 2.0842953 | D15: =VLOOKUP($B$9,'162-branch model Rjb'!$G$326:$U$487,D$11) -> 7.488936 | E15: =VLOOKUP($B$9,'162-branch model Rjb'!$G$326:$U$487,E$11) -> 0.10777465 | F15: =VLOOKUP($B$9,'162-branch model Rjb'!$G$326:$U$487,F$11) -> -0.16743112 | G15: =VLOOKUP($B$9,'162-branch model Rjb'!$G$326:$U$487,G$11) -> -1.8710015 | H15: =VLOOKUP($B$9,'162-branch model Rjb'!$G$326:$U$487,H$11) -> -0.00674939 | I15: =VLOOKUP($B$9,'162-branch model Rjb'!$G$326:$U$487,I$11) -> 0.00094951 | J15: =VLOOKUP($B$9,'162-branch model Rjb'!$G$326:$U$487,J$11) -> 5.6888879 | K15: =VLOOKUP($B$9,'162-branch model Rjb'!$G$326:$U$487,K$11) -> 0.20849459 | ... M15: =VLOOKUP($B$9,'162-branch model Rjb'!$G$326:$U$487,M$11) -> -1.3397833
A16: 0.075 | B16: =EXP(D16+E16*$B$1+F16*(8.5-$B$1)^2+G16*LN(SQRT($B$2^2+(J16*EXP(K16*$B$1))^2))+(H16+I16*$B$1)*$B$2+IF($B$2<=50,0,IF($B$2>100,L16*LN($B$2/50)+M16*LN($B$2/100),L16*LN($B$2/50)))) -> 2.4207452 | D16: =VLOOKUP($B$9,'162-branch model Rjb'!$G$488:$U$649,D$11) -> 7.3285593 | E16: =VLOOKUP($B$9,'162-branch model Rjb'!$G$488:$U$649,E$11) -> 0.07738195 | F16: =VLOOKUP($B$9,'162-branch model Rjb'!$G$488:$U$649,F$11) -> -0.16950144 | G16: =VLOOKUP($B$9,'162-branch model Rjb'!$G$488:$U$649,G$11) -> -1.7446848 | H16: =VLOOKUP($B$9,'162-branch model Rjb'!$G$488:$U$649,H$11) -> -0.00670362 | I16: =VLOOKUP($B$9,'162-branch model Rjb'!$G$488:$U$649,I$11) -> 0.00095753 | J16: =VLOOKUP($B$9,'162-branch model Rjb'!$G$488:$U$649,J$11) -> 5.368658 | K16: =VLOOKUP($B$9,'162-branch model Rjb'!$G$488:$U$649,K$11) -> 0.20240913 | ... M16: =VLOOKUP($B$9,'162-branch model Rjb'!$G$488:$U$649,M$11) -> -1.2702282
A17: 0.1 | B17: =EXP(D17+E17*$B$1+F17*(8.5-$B$1)^2+G17*LN(SQRT($B$2^2+(J17*EXP(K17*$B$1))^2))+(H17+I17*$B$1)*$B$2+IF($B$2<=50,0,IF($B$2>100,L17*LN($B$2/50)+M17*LN($B$2/100),L17*LN($B$2/50)))) -> 2.5681349 | D17: =VLOOKUP($B$9,'162-branch model Rjb'!$G$650:$U$811,D$11) -> 7.2890401 | E17: =VLOOKUP($B$9,'162-branch model Rjb'!$G$650:$U$811,E$11) -> 0.0434195 | F17: =VLOOKUP($B$9,'162-branch model Rjb'!$G$650:$U$811,F$11) -> -0.1740762 | G17: =VLOOKUP($B$9,'162-branch model Rjb'!$G$650:$U$811,G$11) -> -1.656378 | H17: =VLOOKUP($B$9,'162-branch model Rjb'!$G$650:$U$811,H$11) -> -0.0069101 | I17: =VLOOKUP($B$9,'162-branch model Rjb'!$G$650:$U$811,I$11) -> 0.0009521 | J17: =VLOOKUP($B$9,'162-branch model Rjb'!$G$650:$U$811,J$11) -> 5.4239747 | K17: =VLOOKUP($B$9,'162-branch model Rjb'!$G$650:$U$811,K$11) -> 0.19193454 | ... M17: =VLOOKUP($B$9,'162-branch model Rjb'!$G$650:$U$811,M$11) -> -1.174769
A18: 0.15 | B18: =EXP(D18+E18*$B$1+F18*(8.5-$B$1)^2+G18*LN(SQRT($B$2^2+(J18*EXP(K18*$B$1))^2))+(H18+I18*$B$1)*$B$2+IF($B$2<=50,0,IF($B$2>100,L18*LN($B$2/50)+M18*LN($B$2/100),L18*LN($B$2/50)))) -> 2.7046666 | D18: =VLOOKUP($B$9,'162-branch model Rjb'!$G$812:$U$973,D$11) -> 7.6492752 | E18: =VLOOKUP($B$9,'162-branch model Rjb'!$G$812:$U$973,E$11) -> -0.05054286 | F18: =VLOOKUP($B$9,'162-branch model Rjb'!$G$812:$U$973,F$11) -> -0.19661682 | G18: =VLOOKUP($B$9,'162-branch model Rjb'!$G$812:$U$973,G$11) -> -1.5462527 | H18: =VLOOKUP($B$9,'162-branch model Rjb'!$G$812:$U$973,H$11) -> -0.00703808 | I18: =VLOOKUP($B$9,'162-branch model Rjb'!$G$812:$U$973,I$11) -> 0.0008528 | J18: =VLOOKUP($B$9,'162-branch model Rjb'!$G$812:$U$973,J$11) -> 5.5733501 | K18: =VLOOKUP($B$9,'162-branch model Rjb'!$G$812:$U$973,K$11) -> 0.1794667 | ... M18: =VLOOKUP($B$9,'162-branch model Rjb'!$G$812:$U$973,M$11) -> -1.0364446
A19: 0.2 | B19: =EXP(D19+E19*$B$1+F19*(8.5-$B$1)^2+G19*LN(SQRT($B$2^2+(J19*EXP(K19*$B$1))^2))+(H19+I19*$B$1)*$B$2+IF($B$2<=50,0,IF($B$2>100,L19*LN($B$2/50)+M19*LN($B$2/100),L19*LN($B$2/50)))) -> 2.6611049 | D19: =VLOOKUP($B$9,'162-branch model Rjb'!$G$974:$U$1135,D$11) -> 8.1308297 | E19: =VLOOKUP($B$9,'162-branch model Rjb'!$G$974:$U$1135,E$11) -> -0.14361207 | F19: =VLOOKUP($B$9,'162-branch model Rjb'!$G$974:$U$1135,F$11) -> -0.2251917 | G19: =VLOOKUP($B$9,'162-branch model Rjb'!$G$974:$U$1135,G$11) -> -1.4788582 | H19: =VLOOKUP($B$9,'162-branch model Rjb'!$G$974:$U$1135,H$11) -> -0.00687738 | I19: =VLOOKUP($B$9,'162-branch model Rjb'!$G$974:$U$1135,I$11) -> 0.00070508 | J19: =VLOOKUP($B$9,'162-branch model Rjb'!$G$974:$U$1135,J$11) -> 5.4941825 | K19: =VLOOKUP($B$9,'162-branch model Rjb'!$G$974:$U$1135,K$11) -> 0.17927693 | ... M19: =VLOOKUP($B$9,'162-branch model Rjb'!$G$974:$U$1135,M$11) -> -0.95971185
A20: 0.3 | B20: =EXP(D20+E20*$B$1+F20*(8.5-$B$1)^2+G20*LN(SQRT($B$2^2+(J20*EXP(K20*$B$1))^2))+(H20+I20*$B$1)*$B$2+IF($B$2<=50,0,IF($B$2>100,L20*LN($B$2/50)+M20*LN($B$2/100),L20*LN($B$2/50)))) -> 2.3053336 | D20: =VLOOKUP($B$9,'162-branch model Rjb'!$G$1136:$U$1297,D$11) -> 8.818805 | E20: =VLOOKUP($B$9,'162-branch model Rjb'!$G$1136:$U$1297,E$11) -> -0.26977386 | F20: =VLOOKUP($B$9,'162-branch model Rjb'!$G$1136:$U$1297,F$11) -> -0.27327982 | G20: =VLOOKUP($B$9,'162-branch model Rjb'!$G$1136:$U$1297,G$11) -> -1.4193063 | H20: =VLOOKUP($B$9,'162-branch model Rjb'!$G$1136:$U$1297,H$11) -> -0.00619505 | I20: =VLOOKUP($B$9,'162-branch model Rjb'!$G$1136:$U$1297,I$11) -> 0.00045085 | J20: =VLOOKUP($B$9,'162-branch model Rjb'!$G$1136:$U$1297,J$11) -> 5.2947597 | K20: =VLOOKUP($B$9,'162-branch model Rjb'!$G$1136:$U$1297,K$11) -> 0.18553559 | ... M20: =VLOOKUP($B$9,'162-branch model Rjb'!$G$1136:$U$1297,M$11) -> -0.82910186
A21: 0.4 | B21: =EXP(D21+E21*$B$1+F21*(8.5-$B$1)^2+G21*LN(SQRT($B$2^2+(J21*EXP(K21*$B$1))^2))+(H21+I21*$B$1)*$B$2+IF($B$2<=50,0,IF($B$2>100,L21*LN($B$2/50)+M21*LN($B$2/100),L21*LN($B$2/50)))) -> 1.9212224 | D21: =VLOOKUP($B$9,'162-branch model Rjb'!$G$1298:$U$1459,D$11) -> 9.1347103 | E21: =VLOOKUP($B$9,'162-branch model Rjb'!$G$1298:$U$1459,E$11) -> -0.34658009 | F21: =VLOOKUP($B$9,'162-branch model Rjb'!$G$1298:$U$1459,F$11) -> -0.30555434 | G21: =VLOOKUP($B$9,'162-branch model Rjb'!$G$1298:$U$1459,G$11) -> -1.3805247 | H21: =VLOOKUP($B$9,'162-branch model Rjb'!$G$1298:$U$1459,H$11) -> -0.00593614 | I21: =VLOOKUP($B$9,'162-branch model Rjb'!$G$1298:$U$1459,I$11) -> 0.00034361 | J21: =VLOOKUP($B$9,'162-branch model Rjb'!$G$1298:$U$1459,J$11) -> 5.4191448 | K21: =VLOOKUP($B$9,'162-branch model Rjb'!$G$1298:$U$1459,K$11) -> 0.17950258 | ... M21: =VLOOKUP($B$9,'162-branch model Rjb'!$G$1298:$U$1459,M$11) -> -0.76636492
A22: 0.5 | B22: =EXP(D22+E22*$B$1+F22*(8.5-$B$1)^2+G22*LN(SQRT($B$2^2+(J22*EXP(K22*$B$1))^2))+(H22+I22*$B$1)*$B$2+IF($B$2<=50,0,IF($B$2>100,L22*LN($B$2/50)+M22*LN($B$2/100),L22*LN($B$2/50)))) -> 1.6123075 | D22: =VLOOKUP($B$9,'162-branch model Rjb'!$G$1460:$U$1621,D$11) -> 9.1737764 | E22: =VLOOKUP($B$9,'162-branch model Rjb'!$G$1460:$U$1621,E$11) -> -0.37810129 | F22: =VLOOKUP($B$9,'162-branch model Rjb'!$G$1460:$U$1621,F$11) -> -0.32622109 | G22: =VLOOKUP($B$9,'162-branch model Rjb'!$G$1460:$U$1621,G$11) -> -1.3596269 | H22: =VLOOKUP($B$9,'162-branch model Rjb'!$G$1460:$U$1621,H$11) -> -0.00575348 | I22: =VLOOKUP($B$9,'162-branch model Rjb'!$G$1460:$U$1621,I$11) -> 0.00029066 | J22: =VLOOKUP($B$9,'162-branch model Rjb'!$G$1460:$U$1621,J$11) -> 5.5612965 | K22: =VLOOKUP($B$9,'162-branch model Rjb'!$G$1460:$U$1621,K$11) -> 0.17373761 | ... M22: =VLOOKUP($B$9,'162-branch model Rjb'!$G$1460:$U$1621,M$11) -> -0.73122961
A23: 0.75 | B23: =EXP(D23+E23*$B$1+F23*(8.5-$B$1)^2+G23*LN(SQRT($B$2^2+(J23*EXP(K23*$B$1))^2))+(H23+I23*$B$1)*$B$2+IF($B$2<=50,0,IF($B$2>100,L23*LN($B$2/50)+M23*LN($B$2/100),L23*LN($B$2/50)))) -> 1.0695994 | D23: =VLOOKUP($B$9,'162-branch model Rjb'!$G$1622:$U$1783,D$11) -> 8.694683 | E23: =VLOOKUP($B$9,'162-branch model Rjb'!$G$1622:$U$1783,E$11) -> -0.36930368 | F23: =VLOOKUP($B$9,'162-branch model Rjb'!$G$1622:$U$1783,F$11) -> -0.35118708 | G23: =VLOOKUP($B$9,'162-branch model Rjb'!$G$1622:$U$1783,G$11) -> -1.3303996 | H23: =VLOOKUP($B$9,'162-branch model Rjb'!$G$1622:$U$1783,H$11) -> -0.00558938 | I23: =VLOOKUP($B$9,'162-branch model Rjb'!$G$1622:$U$1783,I$11) -> 0.00028018 | J23: =VLOOKUP($B$9,'162-branch model Rjb'!$G$1622:$U$1783,J$11) -> 5.7977955 | K23: =VLOOKUP($B$9,'162-branch model Rjb'!$G$1622:$U$1783,K$11) -> 0.1649915 | ... M23: =VLOOKUP($B$9,'162-branch model Rjb'!$G$1622:$U$1783,M$11) -> -0.67398756
